Obs,x,y,Area,Exp.Treat,Polygon,Plot,Date,Start.time,End.time,Observers,Canopy.Cov,UnderS.Cov,Lilies,Orchids,Daisies.T,Daisies.C,Stackhousia,INDI.RICH,MAX.ABUND,Dom.Lily,Dom.Orchid,Dom.DaisyT,Dom.DaisyC,Other.Lily,Other.Orchid,Other.DaisyT,Other.DaisyC,Oth.Lily.1,Oth.Lily.2,Oth.Lily.3,Oth.Orch.1,Oth.Orch.2,Oth.Orch.3,Arth.spp,Bulb.spp,Wurm.dio,Burch.umb,Microt.spp,Thely.spp,Diur.spp,Hymen.spp,Micros.spp,Cras.spp,Lept.squ,Chry.api,Stac.mon,SPP.RICH,Notes,PCT,ZONE_,PCT_ZONE,Vegetation type,C3_C4,PCT_ZONE_STM,UMC_ID,VEG_COMM,TREESP1,TREESP2,TREESP3,SHRUBSP1,SHRUBSP2,SHRUBSP3,GROUNDSP1,GROUNDSP2,GROUNDSP3,CANOPYCOVER,UNDERCOVER,STRUCTURE,FORMATION,CLASS,x2,y2
1,149.152405,-35.168801,MULL_OUT,,MF-HM-02,MF-HM-02e,2021-10-25,15:41,16:04,LO,0,0,0,0,0,0,0,0,0,,,,,,,,,,,,,,,0,0,0,0,0,0,0,0,0,0,0,0,0,0,Weed lawn.,16,1,16.1,Eucalyptus melliodora – E. blakelyi Tableland Grassy Woodland,Native_C4,16.1.1,u19,Blakely’s Red Gum – Yellow Box tall grassy woodland_u19,Eucalyptus melliodora,Eucalyptus blakelyi,Eucalyptus macrorhyncha,,,,Themeda triandra,Bothriochloa macra,Poa sieb,19.87394714,0.28228286,Woodland,GRASSY WOODLANDS,Southern Tableland Grassy Woodlands,149.152405,-35.168801
2,149.153056,-35.168271,MULL_OUT,,MF-HM-02,MF-HM-02s,2021-10-25,16:07,16:36,LO,5,0,1,0,0,0,0,1,1,Wurmb,,,,0,,,,,,,,,,0,0,1,0,0,0,0,0,0,0,0,0,0,1,Weed lawn.,16,1,16.1,Eucalyptus melliodora – E. blakelyi Tableland Grassy Woodland,Native_C4,16.1.1,u19,Blakely’s Red Gum – Yellow Box tall grassy woodland_u19,Eucalyptus melliodora,Eucalyptus blakelyi,Eucalyptus macrorhyncha,,,,Themeda triandra,Bothriochloa macra,Poa sieb,19.87394714,0.28228286,Woodland,GRASSY WOODLANDS,Southern Tableland Grassy Woodlands,149.153056,-35.168271
3,149.169793,-35.188315,GOO,Low grazing,GO-HM-05,GO-HM-05e,2021-10-26,8:49,9:10,LO,0,0,1,0,0,1,0,2,1,Arthro,,,Chryso,1,,,0,Bulb,,,,,,1,1,0,0,0,0,0,0,0,0,0,1,0,3,,16,1,16.1,Eucalyptus melliodora – E. blakelyi Tableland Grassy Woodland,Native_C3,16.1.1,u19,Blakely’s Red Gum – Yellow Box tall grassy woodland_u19,Eucalyptus melliodora,Eucalyptus blakelyi,Eucalyptus bridgesiana,,,,Themeda triandra,Bothriochloa macra,Poa sieb,16.43805504,0.37153021,Woodland,GRASSY WOODLANDS,Southern Tableland Grassy Woodlands,149.169793,-35.188315
4,149.170519,-35.187703,GOO,Low grazing,GO-HM-05,GO-HM-05s,2021-10-26,9:19,9:42,LO,10,0,0,0,0,1,1,2,1,,,,Lepto,,,,0,,,,,,,0,0,0,0,0,0,0,0,0,0,1,0,1,2,,16,1,16.1,Eucalyptus melliodora – E. blakelyi Tableland Grassy Woodland,Native_C3,16.1.1,u19,Blakely’s Red Gum – Yellow Box tall grassy woodland_u19,Eucalyptus melliodora,Eucalyptus blakelyi,Eucalyptus bridgesiana,,,,Themeda triandra,Bothriochloa macra,Poa sieb,16.43805504,0.37153021,Woodland,GRASSY WOODLANDS,Southern Tableland Grassy Woodlands,149.170519,-35.187703
5,149.148762,-35.16445,MULL_OUT,,MF-HM-01,MF-HM-01e,2021-10-26,10:19,10:35,LO_GB,80,50,1,0,0,2,0,2,2,Arthro,,,Chryso,1,,,0,Wurmb,,,,,,1,0,0,0,0,0,0,0,0,0,0,1,0,2,,16,1,16.1,Eucalyptus melliodora – E. blakelyi Tableland Grassy Woodland,Native_C4,16.1.1,u19,Blakely’s Red Gum – Yellow Box tall grassy woodland_u19,Eucalyptus melliodora,Eucalyptus blakelyi,Eucalyptus macrorhyncha,Acacia dealbata,Acacia mearnsii,,Themeda triandra,Bothriochloa macra,Poa sieb,48.36788559,2.09365869,Woodland,GRASSY WOODLANDS,Southern Tableland Grassy Woodlands,149.148762,-35.16445
6,149.149657,-35.164025,MULL_OUT,,MF-HM-01,MF-HM-01s,2021-10-26,10:44,11:06,LO_GB,25,20,2,2,2,1,0,4,2,Wurmb,Microt,Cras,Lepto,1,0,0,0,Arthro,,,,,,1,0,1,0,1,0,0,0,0,1,1,0,0,5,,16,1,16.1,Eucalyptus melliodora – E. blakelyi Tableland Grassy Woodland,Native_C4,16.1.1,u19,Blakely’s Red Gum – Yellow Box tall grassy woodland_u19,Eucalyptus melliodora,Eucalyptus blakelyi,Eucalyptus macrorhyncha,Acacia dealbata,Acacia mearnsii,,Themeda triandra,Bothriochloa macra,Poa sieb,48.36788559,2.09365869,Woodland,GRASSY WOODLANDS,Southern Tableland Grassy Woodlands,149.149657,-35.164025
7,149.150987,-35.165799,MULL,Low grazing,MF-HM-03,MF-HM-03s,2021-10-26,11:20,11:40,LO_GB,25,5,2,0,0,0,0,1,2,Arthro,,,,1,,,,Wurmb,,,,,,1,0,1,0,0,0,0,0,0,0,0,0,0,2,CWD in quadrat. Lilies only in CWD,16,1,16.1,Eucalyptus melliodora – E. blakelyi Tableland Grassy Woodland,Native_C4,16.1.1,u19,Blakely’s Red Gum – Yellow Box tall grassy woodland_u19,Eucalyptus melliodora,Eucalyptus blakelyi,,,,,Themeda triandra,Bothriochloa macra,Poa sieb,26.89085579,2.43966532,Woodland,GRASSY WOODLANDS,Southern Tableland Grassy Woodlands,149.150987,-35.165799
8,149.152021,-35.166031,MULL,Low grazing,MF-HM-03,MF-HM-03e,2021-10-26,11:45,12:00,LO_GB,0,5,1,0,0,0,0,1,1,Arthro,,,,0,,,,,,,,,,1,0,0,0,0,0,0,0,0,0,0,0,0,1,MF11A-2B,16,1,16.1,Eucalyptus melliodora – E. blakelyi Tableland Grassy Woodland,Native_C4,16.1.1,u19,Blakely’s Red Gum – Yellow Box tall grassy woodland_u19,Eucalyptus melliodora,Eucalyptus blakelyi,,,,,Themeda triandra,Bothriochloa macra,Poa sieb,26.89085579,2.43966532,Woodland,GRASSY WOODLANDS,Southern Tableland Grassy Woodlands,149.152021,-35.166031
9,149.151472,-35.164605,MULL,Bettong fence LG,MF11A,MF11A-3A,2021-10-26,12:37,12:59,LO_GB,0,1,1,0,1,0,0,2,1,Arthro,,Cras,,2,,0,,Wurmb,Bulb,,,,,1,1,1,0,0,0,0,0,0,1,0,0,0,4,within Low grazing ,16,1,16.1,Eucalyptus melliodora – E. blakelyi Tableland Grassy Woodland,Native_C4,16.1.1,u19,Blakely’s Red Gum – Yellow Box tall grassy woodland_u19,Eucalyptus melliodora,Eucalyptus blakelyi,,,,,Themeda triandra,Bothriochloa macra,Poa sieb,26.89085579,2.43966532,Woodland,GRASSY WOODLANDS,Southern Tableland Grassy Woodlands,149.151472,-35.164605
10,149.15238,-35.164149,MULL,Bettong fence LG,MF11A,MF11A-3B,2021-10-26,13:04,13:20,LO_GB,20,15,1,0,0,0,0,1,1,Arthro,,,,0,,,,,,,,,,1,0,0,0,0,0,0,0,0,0,0,0,0,1,within Low grazing ,16,1,16.1,Eucalyptus melliodora – E. blakelyi Tableland Grassy Woodland,Native_C4,16.1.1,u19,Blakely’s Red Gum – Yellow Box tall grassy woodland_u19,Eucalyptus melliodora,Eucalyptus blakelyi,,,,,Themeda triandra,Bothriochloa macra,Poa sieb,26.89085579,2.43966532,Woodland,GRASSY WOODLANDS,Southern Tableland Grassy Woodlands,149.15238,-35.164149
11,149.152338,-35.162465,MULL,Bettong fence LG,MF9A,MF9A-2A,2021-10-26,13:37,13:55,LO_GB,15,10,0,1,0,0,0,1,1,,Microt,,,,0,,,,,,,,,0,0,0,0,1,0,0,0,0,0,0,0,0,1,within Low grazing ,16,1,16.1,Eucalyptus melliodora – E. blakelyi Tableland Grassy Woodland,Native_C4,16.1.1,u19,Blakely’s Red Gum – Yellow Box tall grassy woodland_u19,Eucalyptus melliodora,Eucalyptus blakelyi,,,,,Themeda triandra,Bothriochloa macra,Poa sieb,26.89085579,2.43966532,Woodland,GRASSY WOODLANDS,Southern Tableland Grassy Woodlands,149.152338,-35.162465
12,149.152909,-35.161694,MULL,Bettong fence LG,MF9A,MF9A-2B,2021-10-26,14:03,14:25,LO_GB,30,0,1,0,0,0,0,1,1,Wurmb,,,,0,,,,,,,,,,0,0,1,0,0,0,0,0,0,0,0,0,0,1,within Low grazing ,16,1,16.1,Eucalyptus melliodora – E. blakelyi Tableland Grassy Woodland,Native_C4,16.1.1,u19,Blakely’s Red Gum – Yellow Box tall grassy woodland_u19,Eucalyptus melliodora,Eucalyptus blakelyi,,,,,Themeda triandra,Bothriochloa macra,Poa sieb,26.89085579,2.43966532,Woodland,GRASSY WOODLANDS,Southern Tableland Grassy Woodlands,149.152909,-35.161694
13,149.158659,-35.16054,MULL,High grazing,MF-HM-04,MF-HM-04e,2021-10-26,14:45,15:11,LO,50,0,0,1,0,0,0,1,1,,Microt,,,,0,,,,,,,,,0,0,0,0,1,0,0,0,0,0,0,0,0,1,,16,1,16.1,Eucalyptus melliodora – E. blakelyi Tableland Grassy Woodland,Native_C4,16.1.1,u19,Blakely’s Red Gum – Yellow Box tall grassy woodland_u19,Eucalyptus melliodora,Eucalyptus blakelyi,Eucalyptus macrorhyncha,Acacia dealbata,Acacia mearnsii,,Themeda triandra,Bothriochloa macra,Poa sieb,48.36788559,2.09365869,Woodland,GRASSY WOODLANDS,Southern Tableland Grassy Woodlands,149.158659,-35.16054
14,149.159515,-35.16037,MULL,High grazing,MF-HM-04,MF-HM-04s,2021-10-26,15:20,16:00,LO,5,10,2,0,2,0,0,2,2,Wurmb,,Cras,,0,,0,,,,,,,,0,0,1,0,0,0,0,0,0,1,0,0,0,2,,16,1,16.1,Eucalyptus melliodora – E. blakelyi Tableland Grassy Woodland,Native_C4,16.1.1,u19,Blakely’s Red Gum – Yellow Box tall grassy woodland_u19,Eucalyptus melliodora,Eucalyptus blakelyi,Eucalyptus macrorhyncha,Acacia dealbata,Acacia mearnsii,,Themeda triandra,Bothriochloa macra,Poa sieb,48.36788559,2.09365869,Woodland,GRASSY WOODLANDS,Southern Tableland Grassy Woodlands,149.159515,-35.16037
15,149.17526,-35.206192,GOO,Low grazing,GO-HM-19,GO-HM-19s,2021-10-28,12:36,13:05,LO,0,1,0,0,0,1,0,1,1,,,,Chryso,,,0,,,,,,,,0,0,0,0,0,0,0,0,0,0,0,1,0,1,High biomass weedy. Plot moved 5m north to avoid ditch,25,1,25.1,Eucalyptus macrorhyncha Tableland Grass / Shrub Forest,Native_C3,25.1,EPN,Environmental planting native_EPN,Eucalyptus spp.,,,,,,Rytidosperma pallidum,Austrostipa scabra,Elym scab,50.69351578,0.0869454,Planting,-,-,149.17526,-35.206192
16,149.176011,-35.205994,GOO,Low grazing,GO-HM-19,GO-HM-19e,2021-10-28,13:13,13:45,LO,0,1,1,0,0,0,0,1,1,Bulb,,,,0,,,,,,,,,,0,1,0,0,0,0,0,0,0,0,0,0,0,1,Fallen tree sticks of mammal,25,1,25.1,Eucalyptus macrorhyncha Tableland Grass / Shrub Forest,Native_C3,25.1,EPN,Environmental planting native_EPN,Eucalyptus spp.,,,,,,Rytidosperma pallidum,Austrostipa scabra,Elym scab,50.69351578,0.0869454,Planting,-,-,149.176011,-35.205994
17,149.175507,-35.203761,GOO,Low grazing,GO-HM-20,GO-HM-20e,2021-10-28,14:00,14:30,LO,0,0,0,0,0,1,0,1,1,,,,Chryso,,,0,,,,,,,,0,0,0,0,0,0,0,0,0,0,0,1,0,1,,16,2,16.2,Eucalyptus melliodora – E. blakelyi Tableland Grassy Woodland,Native_C3,16.1.2,u19,Blakely’s Red Gum – Yellow Box tall grassy woodland_u19,Eucalyptus melliodora,Eucalyptus blakelyi,Eucalyptus mannifera,,,,Themeda triandra,Bothriochloa macra,Poa sieb,16.47509384,0.90187144,Woodland,GRASSY WOODLANDS,Southern Tableland Grassy Woodlands,149.175507,-35.203761
18,149.174635,-35.203502,GOO,Low grazing,GO-HM-20,GO-HM-20s,2021-10-28,14:46,15:12,LO,0,5,0,0,0,0,0,0,0,,,,,,,,,,,,,,,0,0,0,0,0,0,0,0,0,0,0,0,0,0,High biomass thick grass,16,2,16.2,Eucalyptus melliodora – E. blakelyi Tableland Grassy Woodland,Native_C3,16.1.2,u19,Blakely’s Red Gum – Yellow Box tall grassy woodland_u19,Eucalyptus melliodora,Eucalyptus blakelyi,Eucalyptus mannifera,,,,Themeda triandra,Bothriochloa macra,Poa sieb,16.47509384,0.90187144,Woodland,GRASSY WOODLANDS,Southern Tableland Grassy Woodlands,149.174635,-35.203502
19,149.160793,-35.157023,MULL,Bettong fence FT,MF16A,MF16A-4B,2021-10-29,9:24,9:50,LO_GB,40,25,1,2,1,0,0,3,2,Burch,Microt,Cras,,1,0,0,,Arthro,,,,,,1,0,0,1,1,0,0,0,0,1,0,0,0,4,within Low grazing. High biomass ,16,1,16.1,Eucalyptus melliodora – E. blakelyi Tableland Grassy Woodland,Native_C4,16.1.1,u19,Blakely’s Red Gum – Yellow Box tall grassy woodland_u19,Eucalyptus melliodora,Eucalyptus blakelyi,Eucalyptus macrorhyncha,Acacia dealbata,Acacia mearnsii,,Themeda triandra,Bothriochloa macra,Poa sieb,48.36788559,2.09365869,Woodland,GRASSY WOODLANDS,Southern Tableland Grassy Woodlands,149.160793,-35.157023
20,149.161668,-35.157575,MULL,Bettong fence FT,MF16A,MF16A-4A,2021-10-29,9:58,10:22,LO_GB,5,15,1,2,2,1,0,4,2,Burch,Microt,Cras,Lepto,0,0,0,0,,,,,,,0,0,0,1,1,0,0,0,0,1,1,0,0,4,within Low grazing. MURNONG incedental ,16,1,16.1,Eucalyptus melliodora – E. blakelyi Tableland Grassy Woodland,Native_C4,16.1.1,u19,Blakely’s Red Gum – Yellow Box tall grassy woodland_u19,Eucalyptus melliodora,Eucalyptus blakelyi,Eucalyptus macrorhyncha,Acacia dealbata,Acacia mearnsii,,Themeda triandra,Bothriochloa macra,Poa sieb,48.36788559,2.09365869,Woodland,GRASSY WOODLANDS,Southern Tableland Grassy Woodlands,149.161668,-35.157575
21,149.161497,-35.1594,MULL,Low grazing,MF-HM-05,MF-HM-05e,2021-10-29,10:43,11:01,LO_GB,50,10,1,0,0,0,0,1,1,Arthro,,,,0,,,,,,,,,,1,0,0,0,0,0,0,0,0,0,0,0,0,1,Wallaby seen,16,1,16.1,Eucalyptus melliodora – E. blakelyi Tableland Grassy Woodland,Native_C4,16.1.1,u19,Blakely’s Red Gum – Yellow Box tall grassy woodland_u19,Eucalyptus melliodora,Eucalyptus blakelyi,Eucalyptus macrorhyncha,Acacia dealbata,Acacia mearnsii,,Themeda triandra,Bothriochloa macra,Poa sieb,48.36788559,2.09365869,Woodland,GRASSY WOODLANDS,Southern Tableland Grassy Woodlands,149.161497,-35.1594
22,149.161362,-35.160187,MULL,Low grazing,MF-HM-05,MF-HM-05s,2021-10-29,11:10,11:39,LO_GB,0,1,1,3,1,0,0,3,3,Wurmb,Microt,Cras,,0,0,0,,,,,,,,0,0,1,0,1,0,0,0,0,1,0,0,0,3,High bettong activity,16,5,16.5,Eucalyptus melliodora – E. blakelyi Tableland Grassy Woodland,Native_C4,16.2.1,DNS,Derived native shrubland_DNS,,,,Acacia dealbata,Acacia mearnsii,Cassinia longifolia,Themeda triandra,Rytidosperma sp.,Poa sieb,6.06249237,6.7051754,Shrubland,-,-,149.161362,-35.160187
23,149.160421,-35.161637,MULL,Bettong fence HG,MF19A,MF19A-3A,2021-10-29,11:53,12:16,LO_GB,15,75,1,0,1,0,0,2,1,Bulb,,Cras,,0,,0,,,,,,,,0,1,0,0,0,0,0,0,0,1,0,0,0,2,within High grazing,16,1,16.1,Eucalyptus melliodora – E. blakelyi Tableland Grassy Woodland,Native_C4,16.1.1,u19,Blakely’s Red Gum – Yellow Box tall grassy woodland_u19,Eucalyptus melliodora,Eucalyptus blakelyi,Eucalyptus macrorhyncha,Acacia dealbata,Acacia mearnsii,,Themeda triandra,Bothriochloa macra,Poa sieb,48.36788559,2.09365869,Woodland,GRASSY WOODLANDS,Southern Tableland Grassy Woodlands,149.160421,-35.161637
24,149.159758,-35.162372,MULL,Bettong fence HG,MF19A,MF19A-3B,2021-10-29,12:23,12:46,LO_GB,40,10,1,1,1,0,0,3,1,Arthro,Microt,Cras,,1,0,0,,Bulb,,,,,,1,1,0,0,1,0,0,0,0,1,0,0,0,4,within High grazing. MURNONG incedential,16,1,16.1,Eucalyptus melliodora – E. blakelyi Tableland Grassy Woodland,Native_C4,16.1.1,u19,Blakely’s Red Gum – Yellow Box tall grassy woodland_u19,Eucalyptus melliodora,Eucalyptus blakelyi,Eucalyptus macrorhyncha,Acacia dealbata,Acacia mearnsii,,Themeda triandra,Bothriochloa macra,Poa sieb,48.36788559,2.09365869,Woodland,GRASSY WOODLANDS,Southern Tableland Grassy Woodlands,149.159758,-35.162372
25,149.158357,-35.167265,MULL,High grazing,MF-HM-07,MF-HM-07e,2021-10-29,13:02,13:24,LO_GB,0,20,1,2,1,2,0,4,2,Burch,Microt,Cras,Lepto,0,0,0,0,,,,,,,0,0,0,1,1,0,0,0,0,1,1,0,0,4,,16,1,16.1,Eucalyptus melliodora – E. blakelyi Tableland Grassy Woodland,Native_C4,16.1.1,u19,Blakely’s Red Gum – Yellow Box tall grassy woodland_u19,Eucalyptus melliodora,Eucalyptus blakelyi,,,,,Themeda triandra,Bothriochloa macra,Poa sieb,21.58606529,2.08012128,Woodland,GRASSY WOODLANDS,Southern Tableland Grassy Woodlands,149.158357,-35.167265
26,149.157359,-35.167243,MULL,High grazing,MF-HM-07,MF-HM-07s,2021-10-29,13:32,13:49,LO_GB,0,1,1,2,2,0,0,3,2,Wurmb,Microt,Cras,,0,0,0,,,,,,,,0,0,1,0,1,0,0,0,0,1,0,0,0,3,,16,1,16.1,Eucalyptus melliodora – E. blakelyi Tableland Grassy Woodland,Native_C4,16.1.1,u19,Blakely’s Red Gum – Yellow Box tall grassy woodland_u19,Eucalyptus melliodora,Eucalyptus blakelyi,,,,,Themeda triandra,Bothriochloa macra,Poa sieb,21.58606529,2.08012128,Woodland,GRASSY WOODLANDS,Southern Tableland Grassy Woodlands,149.157359,-35.167243
27,149.157748,-35.16945,MULL,Bettong fence HG,MF38,MF38-2B,2021-10-29,2:24,14:47,LO,35,10,1,2,0,0,0,2,2,Bulb,Microt,,,3,0,,,Wurmb,Arthro,Burch,,,,1,1,1,1,1,0,0,0,0,0,0,0,0,5,Bettong in quadrat,16,1,16.1,Eucalyptus melliodora – E. blakelyi Tableland Grassy Woodland,Native_C4,16.1.1,u19,Blakely’s Red Gum – Yellow Box tall grassy woodland_u19,Eucalyptus melliodora,Eucalyptus blakelyi,Eucalyptus macrorhyncha,Acacia dealbata,Acacia mearnsii,,Themeda triandra,Bothriochloa macra,Poa sieb,48.36788559,2.09365869,Woodland,GRASSY WOODLANDS,Southern Tableland Grassy Woodlands,149.157748,-35.16945
28,149.158885,-35.169055,MULL,Bettong fence HG,MF38,MF38-2A,2021-10-29,2:56,15:22,LO,15,20,1,2,0,0,0,2,2,Wurmb,Microt,,,0,0,,,,,,,,,0,0,1,0,1,0,0,0,0,0,0,0,0,2,,16,1,16.1,Eucalyptus melliodora – E. blakelyi Tableland Grassy Woodland,Native_C4,16.1.1,u19,Blakely’s Red Gum – Yellow Box tall grassy woodland_u19,Eucalyptus melliodora,Eucalyptus blakelyi,Eucalyptus macrorhyncha,Acacia dealbata,Acacia mearnsii,,Themeda triandra,Bothriochloa macra,Poa sieb,48.36788559,2.09365869,Woodland,GRASSY WOODLANDS,Southern Tableland Grassy Woodlands,149.158885,-35.169055
29,149.180201,-35.179608,GOO,Low grazing,GO-HM-04,GO-HM-04e,2021-11-02,9:30,10:55,LO_GB,0,0,0,3,1,3,2,4,3,,Microt,Cras,Lepto,,3,0,1,,,,Hymen,Diur,Thely,0,0,0,0,1,1,1,1,0,1,1,1,0,7,,16,7,16.7,Eucalyptus melliodora – E. blakelyi Tableland Grassy Woodland,Native_C4,16.2.3,NG,Native grassland_NG,,,,,,,Themeda triandra,Austrostipa bigeniculata,Rytidosperma sp.,0.20537969,0.00716127,Grassland,-,-,149.180201,-35.179608
30,149.180476,-35.180437,GOO,Low grazing,GO-HM-04,GO-HM-04s,2021-11-02,10:05,10:27,LO_GB,20,5,4,2,1,4,3,5,4,Bulb,Microt,Micros,Lepto,2,1,0,0,Wurmb,Arthro,,Diur,,,1,1,1,0,1,0,1,0,1,0,1,0,0,7,,16,1,16.1,Eucalyptus melliodora – E. blakelyi Tableland Grassy Woodland,Native_C4,16.1.1,u19,Blakely’s Red Gum – Yellow Box tall grassy woodland_u19,Eucalyptus melliodora,Eucalyptus blakelyi,Eucalyptus bridgesiana,,,,Themeda triandra,Bothriochloa macra,Poa sieb,21.80770302,0.3331627,Woodland,GRASSY WOODLANDS,Southern Tableland Grassy Woodlands,149.180476,-35.180437
31,149.182759,-35.177289,GOO,High grazing,GO-HM-03,GO-HM-03e,2021-11-02,10:47,11:13,LO_GB,0,0,2,3,0,4,1,4,4,Bulb,Microt,,Chryso,1,2,,1,Wurmb,,,Thely,Diur,,0,1,1,0,1,1,1,0,0,0,1,1,0,7,Plot moved 11m away from track. Rocky.,16,1,16.1,Eucalyptus melliodora – E. blakelyi Tableland Grassy Woodland,Native_C4,16.1.1,u19,Blakely’s Red Gum – Yellow Box tall grassy woodland_u19,Eucalyptus melliodora,Eucalyptus blakelyi,,,,,Themeda triandra,Bothriochloa macra,Hype perf,11.33133602,0.0664497,Woodland,GRASSY WOODLANDS,Southern Tableland Grassy Woodlands,149.182759,-35.177289
32,149.183402,-35.176432,GOO,High grazing,GO-HM-03,GO-HM-03s,2021-11-02,11:21,11:47,LO_GB,0,5,2,3,0,3,0,3,3,Wurmb,Microt,,Chryso,1,0,,0,Arthro,,,,,,1,0,1,0,1,0,0,0,0,0,0,1,0,4,,16,1,16.1,Eucalyptus melliodora – E. blakelyi Tableland Grassy Woodland,Native_C4,16.1.1,u19,Blakely’s Red Gum – Yellow Box tall grassy woodland_u19,Eucalyptus melliodora,Eucalyptus blakelyi,,,,,Themeda triandra,Bothriochloa macra,Hype perf,11.33133602,0.0664497,Woodland,GRASSY WOODLANDS,Southern Tableland Grassy Woodlands,149.183402,-35.176432
33,149.18833,-35.179342,GOO,High grazing,GO-HM-01,GO-HM-01s,2021-11-02,12:21,12:41,LO_GB,25,15,3,2,2,3,0,4,3,Bulb,Microt,Micros,Lepto,2,2,0,0,Arthro,Wurmb,,Thely,Diur,,1,1,1,1,0,1,1,0,1,0,1,0,0,8,,16,1,16.1,Eucalyptus melliodora – E. blakelyi Tableland Grassy Woodland,Native_C4,16.1.1,EPN,Environmental planting native_EPN,Eucalyptus spp.,,,,,,Themeda triandra,Austrostipa scabra,Both macr,22.17573929,5.04761505,Planting,-,-,149.18833,-35.179342
34,149.18794,-35.179994,GOO,High grazing,GO-HM-01,GO-HM-01e,2021-11-02,12:50,13:10,LO_GB,25,15,2,2,2,3,0,4,3,Arthro,Thely,Micros,Lepto,2,0,0,0,Wurmb,Bulb,,,,,1,1,1,0,0,1,0,0,1,0,1,0,0,6,,16,1,16.1,Eucalyptus melliodora – E. blakelyi Tableland Grassy Woodland,Native_C4,16.1.1,EPN,Environmental planting native_EPN,Eucalyptus spp.,,,,,,Themeda triandra,Austrostipa scabra,Both macr,22.17573929,5.04761505,Planting,-,-,149.18794,-35.179994
35,149.189693,-35.179306,GOO,High grazing,GO-HM-02,GO-HM-02s,2021-11-02,13:31,14:02,LO,10,20,2,2,1,3,2,5,3,Arthro,Microt,Micros,Lepto,2,0,0,0,Bulb,Wurmb,,,,,1,1,1,0,1,0,0,0,1,0,1,0,0,6,,16,1,16.1,Eucalyptus melliodora – E. blakelyi Tableland Grassy Woodland,Native_C3,16.1.1,u19,Blakely’s Red Gum – Yellow Box tall grassy woodland_u19,Eucalyptus blakelyi,Eucalyptus melliodora,,,,,Themeda triandra,Bothriochloa macra,Aust bige,28.51132202,0.76461869,Woodland,GRASSY WOODLANDS,Southern Tableland Grassy Woodlands,149.189693,-35.179306
36,149.190236,-35.179888,GOO,High grazing,GO-HM-02,GO-HM-02e,2021-11-02,14:15,14:42,LO,10,5,2,1,0,3,0,3,3,Wurmb,Microt,,Lepto,1,0,,0,Arthro,,,,,,1,0,1,0,1,0,0,0,0,0,1,0,0,4,,16,1,16.1,Eucalyptus melliodora – E. blakelyi Tableland Grassy Woodland,Native_C3,16.1.1,u19,Blakely’s Red Gum – Yellow Box tall grassy woodland_u19,Eucalyptus blakelyi,Eucalyptus melliodora,,,,,Themeda triandra,Bothriochloa macra,Aust bige,28.51132202,0.76461869,Woodland,GRASSY WOODLANDS,Southern Tableland Grassy Woodlands,149.190236,-35.179888
37,149.186068,-35.185345,GOO,High grazing,GO-HM-11,GO-HM-11e,2021-11-02,15:01,15:21,LO,0,0,0,0,0,0,0,0,0,,,,,,,,,,,,,,,0,0,0,0,0,0,0,0,0,0,0,0,0,0,Thick weedy GC,16,2,16.2,Eucalyptus melliodora – E. blakelyi Tableland Grassy Woodland,Native_C3,16.1.2,u19,Blakely’s Red Gum – Yellow Box tall grassy woodland_u19,Eucalyptus melliodora,Eucalyptus blakelyi,,,,,Themeda triandra,Bothriochloa macra,Poa sieb,10.02335072,0.16048655,Woodland,GRASSY WOODLANDS,Southern Tableland Grassy Woodlands,149.186068,-35.185345
38,149.186105,-35.184718,GOO,High grazing,GO-HM-11,GO-HM-11s,2021-11-02,15:31,15:48,LO,0,0,0,0,0,0,0,0,0,,,,,,,,,,,,,,,0,0,0,0,0,0,0,0,0,0,0,0,0,0,Same thick weedy. SCW present. Right on WG152-4A,16,2,16.2,Eucalyptus melliodora – E. blakelyi Tableland Grassy Woodland,Native_C3,16.1.2,u19,Blakely’s Red Gum – Yellow Box tall grassy woodland_u19,Eucalyptus melliodora,Eucalyptus blakelyi,,,,,Themeda triandra,Bothriochloa macra,Poa sieb,10.02335072,0.16048655,Woodland,GRASSY WOODLANDS,Southern Tableland Grassy Woodlands,149.186105,-35.184718
39,149.18013,-35.20968,GOO,High grazing,GO-HM-16,GO-HM-16s,2021-11-04,9:26,9:50,LO,5,5,1,0,0,0,0,1,1,Arthro,,,,0,,,,,,,,,,1,0,0,0,0,0,0,0,0,0,0,0,0,1,Plot moved 20m west of drainage line,16,2,16.2,Eucalyptus melliodora – E. blakelyi Tableland Grassy Woodland,Native_C4,16.1.2,u19,Blakely’s Red Gum – Yellow Box tall grassy woodland_u19,Eucalyptus melliodora,Eucalyptus blakelyi,Eucalyptus mannifera,,,,Themeda triandra,Bothriochloa macra,Poa sieb,11.57951641,0.70204729,Woodland,GRASSY WOODLANDS,Southern Tableland Grassy Woodlands,149.18013,-35.20968
40,149.17948,-35.209163,GOO,High grazing,GO-HM-16,GO-HM-16e,2021-11-04,9:59,10:25,LO,0,10,0,0,0,0,0,0,0,,,,,,,,,,,,,,,0,0,0,0,0,0,0,0,0,0,0,0,0,0,,25,8,25.8,Eucalyptus macrorhyncha Tableland Grass / Shrub Forest,Native_C3,25.8,NG,Native grassland_NG,,,,,,,Austrostipa bigeniculata,Bothriochloa macra,Hype perf,0.32983735,0.0487318,Grassland,-,-,149.17948,-35.209163
41,149.183574,-35.196837,GOO,High grazing,GO-HM-14,GO-HM-14s,2021-11-04,10:59,11:38,LO,0,5,2,1,0,3,0,3,3,Arthro,Microt,,Lepto,1,0,,1,Wurmb,,,,,,1,0,1,0,1,0,0,0,0,0,1,1,0,5,,16,2,16.2,Eucalyptus melliodora – E. blakelyi Tableland Grassy Woodland,Native_C3,16.1.2,u19,Blakely’s Red Gum – Yellow Box tall grassy woodland_u19,Eucalyptus melliodora,Eucalyptus blakelyi,Eucalyptus mannifera,,,,Themeda triandra,Bothriochloa macra,Poa sieb,16.47509384,0.90187144,Woodland,GRASSY WOODLANDS,Southern Tableland Grassy Woodlands,149.183574,-35.196837
42,149.182832,-35.196412,GOO,High grazing,GO-HM-14,GO-HM-14e,2021-11-04,11:48,12:12,LO,0,0,3,0,0,0,0,1,3,Arthro,,,,1,,,,Wurmb,,,,,,1,0,1,0,0,0,0,0,0,0,0,0,0,2,,16,2,16.2,Eucalyptus melliodora – E. blakelyi Tableland Grassy Woodland,Native_C3,16.1.2,u19,Blakely’s Red Gum – Yellow Box tall grassy woodland_u19,Eucalyptus melliodora,Eucalyptus blakelyi,Eucalyptus mannifera,,,,Themeda triandra,Bothriochloa macra,Poa sieb,16.47509384,0.90187144,Woodland,GRASSY WOODLANDS,Southern Tableland Grassy Woodlands,149.182832,-35.196412
43,149.181395,-35.191844,GOO,High grazing,GO-HM-10,GO-HM-10e,2021-11-04,12:33,13:02,LO,0,0,2,0,0,0,0,1,2,Arthro,,,,1,,,,Bulb,,,,,,1,1,0,0,0,0,0,0,0,0,0,0,0,2,,16,7,16.7,Eucalyptus melliodora – E. blakelyi Tableland Grassy Woodland,Native_C3,16.2.3,NG,Native grassland_NG,,,,,,,Austrostipa bigeniculata,Bothriochloa macra,Hype perf,0.0065494,0,Grassland,-,-,149.181395,-35.191844
44,149.180519,-35.191911,GOO,High grazing,GO-HM-10,GO-HM-10s,2021-11-04,13:14,13:35,LO,30,20,1,0,0,2,0,2,2,Arthro,,,Lepto,0,,,0,,,,,,,1,0,0,0,0,0,0,0,0,0,1,0,0,2,,16,1,16.1,Eucalyptus melliodora – E. blakelyi Tableland Grassy Woodland,Native_C4,16.1.1,EPN,Environmental planting native_EPN,Eucalyptus spp.,,,,,,Themeda triandra,Austrostipa scabra,Both macr,22.17573929,5.04761505,Planting,-,-,149.180519,-35.191911
45,149.190255,-35.188211,GOO,High grazing,GO-HM-12,GO-HM-12s,2021-11-04,14:03,14:35,LO,0,5,1,2,0,1,0,3,2,Arthro,Microt,,Chryso,0,0,,1,,,,,,,1,0,0,0,1,0,0,0,0,0,1,1,0,4,,16,1,16.1,Eucalyptus melliodora – E. blakelyi Tableland Grassy Woodland,Native_C4,16.1.1,EPN,Environmental planting native_EPN,Eucalyptus spp.,,,,,,Themeda triandra,Austrostipa scabra,Both macr,22.17573929,5.04761505,Planting,-,-,149.190255,-35.188211
46,149.189851,-35.188725,GOO,High grazing,GO-HM-12,GO-HM-12e,2021-11-04,14:44,15:11,LO,0,5,1,2,0,1,0,3,2,Arthro,Microt,,Chryso,0,1,,0,,,,Hymen,,,1,0,0,0,1,0,0,1,0,0,0,1,0,4,,16,5,16.5,Eucalyptus melliodora – E. blakelyi Tableland Grassy Woodland,Native_C4,16.2.1,NG,Native grassland_NG,,,,,,,Themeda triandra,Bothriochloa macra,Hype perf,1.27129614,1.1025933,Grassland,-,-,149.189851,-35.188725
47,149.162187,-35.180394,MULL,Low grazing,MF-HM-12,MF-HM-12e,2021-11-05,13:08,13:20,LO,0,0,0,0,0,0,0,0,0,,,,,,,,,,,,,,,0,0,0,0,0,0,0,0,0,0,0,0,0,0,Longest thickest waist-high grass. Roos present,16,9,16.9,Eucalyptus melliodora – E. blakelyi Tableland Grassy Woodland,Native_C4,16.3.2,u19,Blakely’s Red Gum – Yellow Box tall grassy woodland_u19,Eucalyptus melliodora,Eucalyptus blakelyi,,,,,Themeda triandra,Bothriochloa macra,Poa sieb,8.62155914,0.88026142,Woodland,GRASSY WOODLANDS,Southern Tableland Grassy Woodlands,149.162187,-35.180394
48,149.161254,-35.18066,MULL,Low grazing,MF-HM-12,MF-HM-12s,2021-11-05,13:26,13:40,LO,5,1,0,0,0,0,0,0,0,,,,,,,,,,,,,,,0,0,0,0,0,0,0,0,0,0,0,0,0,0,Long and thickest grass,16,9,16.9,Eucalyptus melliodora – E. blakelyi Tableland Grassy Woodland,Native_C4,16.3.2,u19,Blakely’s Red Gum – Yellow Box tall grassy woodland_u19,Eucalyptus melliodora,Eucalyptus blakelyi,,,,,Themeda triandra,Bothriochloa macra,Poa sieb,8.62155914,0.88026142,Woodland,GRASSY WOODLANDS,Southern Tableland Grassy Woodlands,149.161254,-35.18066
49,149.155558,-35.17806,MULL,Low grazing,MF-HM-13,MF-HM-13s,2021-11-05,13:54,14:17,LO,0,0,0,0,0,0,0,0,0,,,,,,,,,,,,,,,0,0,0,0,0,0,0,0,0,0,0,0,0,0,Stach and lepto abundnat nesar track,16,8,16.8,Eucalyptus melliodora – E. blakelyi Tableland Grassy Woodland,Native_C3,16.2.4,NG,Native grassland_NG,,,,,,,Austrostipa bigeniculata,Bothriochloa macra,Phal aqua,0.45132023,0.0139031,Grassland,-,-,149.155558,-35.17806
50,149.154531,-35.1777,MULL,Low grazing,MF-HM-13,MF-HM-13e,2021-11-05,14:27,14:53,LO,0,5,0,0,1,0,0,1,1,,,Cras,,,,0,,,,,,,,0,0,0,0,0,0,0,0,0,1,0,0,0,1,Lots of roo poo. And Stach near plot,16,1,16.1,Eucalyptus melliodora – E. blakelyi Tableland Grassy Woodland,Native_C4,16.1.1,u19,Blakely’s Red Gum – Yellow Box tall grassy woodland_u19,Eucalyptus melliodora,Eucalyptus blakelyi,Eucalyptus macrorhyncha,Acacia dealbata,Acacia mearnsii,,Themeda triandra,Bothriochloa macra,Poa sieb,48.36788559,2.09365869,Woodland,GRASSY WOODLANDS,Southern Tableland Grassy Woodlands,149.154531,-35.1777
51,149.152499,-35.177446,MULL_OUT,,MF-HM-14,MF-HM-14s,2021-11-05,15:05,15:38,LO,0,0,2,3,0,0,0,2,3,Arthro,Microt,,,1,0,,,Wurmb,,,,,,1,0,1,0,1,0,0,0,0,0,0,0,0,3,Hyp.glab domiated. Rocky shallow soil,16,6,16.6,Eucalyptus melliodora – E. blakelyi Tableland Grassy Woodland,Native_C4,16.2.2,NG,Native grassland_NG,,,,,,,Themeda triandra,Bothriochloa macra,Aust bige,6.19071245,0.08993772,Grassland,-,-,149.152499,-35.177446
52,149.151852,-35.177945,MULL_OUT,,MF-HM-14,MF-HM-14e,2021-11-05,15:47,16:13,LO,0,0,0,2,0,0,0,1,2,,Microt,,,,0,,,,,,,,,0,0,0,0,1,0,0,0,0,0,0,0,0,1,Plot moved 10m out of thistles. Craspedia present pear plot,16,6,16.6,Eucalyptus melliodora – E. blakelyi Tableland Grassy Woodland,Native_C4,16.2.2,NG,Native grassland_NG,,,,,,,Themeda triandra,Bothriochloa macra,Aust bige,6.19071245,0.08993772,Grassland,-,-,149.151852,-35.177945
53,149.185178,-35.168088,MULL,Bettong fence HG,MF27A,MF27A-4B,2021-11-09,9:20,9:45,LO_GB,5,5,0,0,0,3,0,1,3,,,,Lepto,,,,1,,,,,,,0,0,0,0,0,0,0,0,0,0,1,1,0,2,,16,7,16.7,Eucalyptus melliodora – E. blakelyi Tableland Grassy Woodland,Native_C4,16.2.3,NG,Native grassland_NG,,,,,,,Themeda triandra,Austrostipa bigeniculata,Rytidosperma sp.,0.90155786,0.18500176,Grassland,-,-,149.185178,-35.168088
54,149.185518,-35.16724,MULL,Bettong fence HG,MF27A,MF27A-4A,2021-11-09,9:52,10:11,LO_GB,0,0,2,1,0,0,0,2,2,Arthro,Microt,,,0,0,,,,,,,,,1,0,0,0,1,0,0,0,0,0,0,0,0,2,,16,7,16.7,Eucalyptus melliodora – E. blakelyi Tableland Grassy Woodland,Native_C4,16.2.3,NG,Native grassland_NG,,,,,,,Themeda triandra,Austrostipa bigeniculata,Rytidosperma sp.,0.90155786,0.18500176,Grassland,-,-,149.185518,-35.16724
55,149.181133,-35.169194,MULL,High grazing,MF-HM-10,MF-HM-10s,2021-11-09,10:20,10:43,LO_GB,0,1,0,2,0,0,0,1,2,,Microt,,,,0,,,,,,,,,0,0,0,0,1,0,0,0,0,0,0,0,0,1,,16,7,16.7,Eucalyptus melliodora – E. blakelyi Tableland Grassy Woodland,Native_C4,16.2.3,NG,Native grassland_NG,,,,,,,Themeda triandra,Austrostipa bigeniculata,Rytidosperma sp.,0.90155786,0.18500176,Grassland,-,-,149.181133,-35.169194
56,149.180288,-35.169734,MULL,High grazing,MF-HM-10,MF-HM-10e,2021-11-09,10:49,11:04,LO_GB,0,10,0,2,0,0,0,1,2,,Microt,,,,1,,,,,,Thely,,,0,0,0,0,1,1,0,0,0,0,0,0,0,2,,16,7,16.7,Eucalyptus melliodora – E. blakelyi Tableland Grassy Woodland,Native_C4,16.2.3,NG,Native grassland_NG,,,,,,,Themeda triandra,Austrostipa bigeniculata,Rytidosperma sp.,0.90155786,0.18500176,Grassland,-,-,149.180288,-35.169734
57,149.180398,-35.168513,MULL,Bettong fence HG,MF25A,MF25A-1B,2021-11-09,11:13,11:30,LO_GB,10,5,0,0,0,0,0,0,0,,,,,,,,,,,,,,,0,0,0,0,0,0,0,0,0,0,0,0,0,0,Quoll poo on log,16,1,16.1,Eucalyptus melliodora – E. blakelyi Tableland Grassy Woodland,Native_C4,16.1.1,EPN,Environmental planting native_EPN,Eucalyptus spp.,,,,,,Themeda triandra,Austrostipa scabra,Both macr,22.17573929,5.04761505,Planting,-,-,149.180398,-35.168513
58,149.179381,-35.16813,MULL,Bettong fence HG,MF25A,MF25A-1A,2021-11-09,11:36,11:56,LO_GB,25,40,2,0,0,0,0,1,2,Arthro,,,,0,,,,,,,,,,1,0,0,0,0,0,0,0,0,0,0,0,0,1,,16,1,16.1,Eucalyptus melliodora – E. blakelyi Tableland Grassy Woodland,Native_C4,16.1.1,EPN,Environmental planting native_EPN,Eucalyptus spp.,,,,,,Themeda triandra,Austrostipa scabra,Both macr,22.17573929,5.04761505,Planting,-,-,149.179381,-35.16813
59,149.174168,-35.168488,MULL,High grazing,MF-HM-09,MF-HM-09s,2021-11-09,12:22,12:39,LO_GB,0,1,0,2,0,1,0,2,2,,Microt,,Chryso,,0,,0,,,,,,,0,0,0,0,1,0,0,0,0,0,0,1,0,2,,16,8,16.8,Eucalyptus melliodora – E. blakelyi Tableland Grassy Woodland,Native_C3,16.2.4,NG,Native grassland_NG,,,,,,,Themeda triandra,Austrostipa bigeniculata,Rytidosperma sp.,0.21943162,0.04388632,Grassland,-,-,149.174168,-35.168488
60,149.174543,-35.167842,MULL,High grazing,MF-HM-09,MF-HM-09e,2021-11-09,12:47,13:06,LO_GB,0,1,0,2,0,0,0,1,2,,Microt,,,,1,,,,,,Thely,,,0,0,0,0,1,1,0,0,0,0,0,0,0,2,,16,8,16.8,Eucalyptus melliodora – E. blakelyi Tableland Grassy Woodland,Native_C3,16.2.4,NG,Native grassland_NG,,,,,,,Themeda triandra,Austrostipa bigeniculata,Rytidosperma sp.,0.21943162,0.04388632,Grassland,-,-,149.174543,-35.167842
61,149.175949,-35.166363,MULL,Bettong fence LG,MF22AZ,MF22AZ-2A,2021-11-09,13:20,13:37,LO_GB,30,10,0,1,1,3,0,3,3,,Microt,Micros,Chryso,,0,0,0,,,,,,,0,0,0,0,1,0,0,0,1,0,0,1,0,3,,16,2,16.2,Eucalyptus melliodora – E. blakelyi Tableland Grassy Woodland,Native_C3,16.1.2,u178,Yellow Box ± Apple Box tall grassy woodland_u178,Eucalyptus melliodora,Eucalyptus bridgesiana,Eucalyptus blakelyi,,,,Rytidosperma pallidum,Themeda triandra,Both macr,28.56055069,0,Woodland,GRASSY WOODLANDS,Southern Tableland Grassy Woodlands,149.175949,-35.166363
62,149.176586,-35.165536,MULL,Bettong fence LG,MF22AZ,MF22AZ-2B,2021-11-09,13:45,14:08,LO_GB,5,5,0,2,1,3,0,3,3,,Microt,Micros,Chryso,,1,0,0,,,,Thely,,,0,0,0,0,1,1,0,0,1,0,0,1,0,4,,16,2,16.2,Eucalyptus melliodora – E. blakelyi Tableland Grassy Woodland,Native_C3,16.1.2,u178,Yellow Box ± Apple Box tall grassy woodland_u178,Eucalyptus melliodora,Eucalyptus bridgesiana,Eucalyptus blakelyi,,,,Rytidosperma pallidum,Themeda triandra,Both macr,28.56055069,0,Woodland,GRASSY WOODLANDS,Southern Tableland Grassy Woodlands,149.176586,-35.165536
63,149.172391,-35.1651821,MULL,Bettong fence FT,MF22A ,MF22A-3A,2021-11-09,14:21,14:44,LO_GB,25,15,1,3,0,0,0,2,3,,Microt,,,,1,,,,,,Thely,,,0,0,0,0,1,1,0,0,0,0,0,0,0,2,,16,1,16.1,Eucalyptus melliodora – E. blakelyi Tableland Grassy Woodland,Native_C4,16.1.1,EPN,Environmental planting native_EPN,Eucalyptus spp.,,,,,,Rytidosperma pallidum,Austrostipa scabra,Elym scab,25.09300232,7.1923213,Planting,-,-,149.172391,-35.1651821
64,149.173274,-35.16462,MULL,Bettong fence FT,MF22A ,MF22A-3B,2021-11-09,14:52,15:20,LO_GB,10,25,0,3,0,0,0,1,3,,Microt,,,,1,,,,,,Thely,,,0,0,0,0,1,1,0,0,0,0,0,0,0,2,,16,1,16.1,Eucalyptus melliodora – E. blakelyi Tableland Grassy Woodland,Native_C4,16.1.1,EPN,Environmental planting native_EPN,Eucalyptus spp.,,,,,,Rytidosperma pallidum,Austrostipa scabra,Elym scab,25.09300232,7.1923213,Planting,-,-,149.173274,-35.16462
65,149.168473,-35.163445,MULL,High grazing,MF-HM-06,MF-HM-06s,2021-11-09,15:39,15:52,LO_GB,0,0,0,2,0,0,0,1,2,,Microt,,,,1,,,,,,Thely,,,0,0,0,0,1,1,0,0,0,0,0,0,0,2,Heaps of Bettong digs,16,7,16.7,Eucalyptus melliodora – E. blakelyi Tableland Grassy Woodland,Native_C3,16.2.3,NG,Native grassland_NG,,,,Acacia dealbata,Acacia mearnsii,Cassinia longifolia,Rytidosperma pallidum,Austrostipa scabra,Poa sieb,2.82562852,1.86221266,Grassland,-,-,149.168473,-35.163445
66,149.168092,-35.164145,MULL,High grazing,MF-HM-06,MF-HM-06e,2021-11-09,15:56,16:22,LO_GB,0,0,0,2,0,0,0,1,2,,Microt,,,,1,,,,,,Thely,,,0,0,0,0,1,1,0,0,0,0,0,0,0,2,Heaps of Bettong digs,16,7,16.7,Eucalyptus melliodora – E. blakelyi Tableland Grassy Woodland,Native_C3,16.2.3,NG,Native grassland_NG,,,,Acacia dealbata,Acacia mearnsii,Cassinia longifolia,Rytidosperma pallidum,Austrostipa scabra,Poa sieb,2.82562852,1.86221266,Grassland,-,-,149.168092,-35.164145
67,149.174324,-35.192288,GOO,High grazing,GO-HM-08,GO-HM-08s,2021-11-11,12:26,12:45,LO,25,1,0,0,0,0,0,0,0,,,,,,,,,,,,,,,0,0,0,0,0,0,0,0,0,0,0,0,0,0,Plot moved 10m off track,25,2,25.2,Eucalyptus macrorhyncha Tableland Grass / Shrub Forest,Native_C4,25.2,p14,Red Stringybark – Scribbly Gum – Red-anthered Wallaby Grass tall grass-shrub dry sclerophyll open forest on loamy ridges_p14,Eucalyptus rossii,Eucalyptus macrorhyncha,Eucalyptus goniocalyx,,,,Themeda triandra,Austrostipa scabra,Poa sieb,28.29112244,1.11006033,Open Forest,DRY SCLEROPHYLL FORESTS,Southern Tableland Dry Sclerophyll Forests,149.174324,-35.192288
68,149.175087,-35.191957,GOO,High grazing,GO-HM-08,GO-HM-08e,2021-11-11,12:57,13:15,LO,0,20,0,0,0,0,0,0,0,,,,,,,,,,,,,,,0,0,0,0,0,0,0,0,0,0,0,0,0,0,Just weeds. Moved 10m off track,99,,99,Native Planting,Exotic_C3,99,EPN,Environmental planting native_EPN,,,,,,,,,,31.37705994,8.67371273,Planting,-,-,149.175087,-35.191957
69,149.175587,-35.190464,GOO,High grazing,GO-HM-07,GO-HM-07e,2021-11-11,13:20,13:44,LO,0,0,0,0,0,0,0,0,0,,,,,,,,,,,,,,,0,0,0,0,0,0,0,0,0,0,0,0,0,0,,25,3,25.3,Eucalyptus macrorhyncha Tableland Grass / Shrub Forest,Native_C4,25.3,p14,Red Stringybark – Scribbly Gum – Red-anthered Wallaby Grass tall grass-shrub dry sclerophyll open forest on loamy ridges_p14,Eucalyptus rossii,Eucalyptus macrorhyncha,Eucalyptus mannifera,,,,Themeda triandra,Austrostipa scabra,Poa sieb,12.11738968,0.070062,Open Forest,DRY SCLEROPHYLL FORESTS,Southern Tableland Dry Sclerophyll Forests,149.175587,-35.190464
70,149.175884,-35.189662,GOO,High grazing,GO-HM-07,GO-HM-07s,2021-11-11,13:57,14:27,LO,0,0,0,0,0,0,0,0,0,,,,,,,,,,,,,,,0,0,0,0,0,0,0,0,0,0,0,0,0,0,,25,8,25.8,Eucalyptus macrorhyncha Tableland Grass / Shrub Forest,Native_C3,25.8,NG,Native grassland_NG,,,,,,,Rytidosperma pallidum,Themeda triandra,Hype perf,0.47883981,1.190799,Grassland,-,-,149.175884,-35.189662
71,149.178861,-35.186714,GOO,Low grazing,GO-HM-06,GO-HM-06s,2021-11-11,14:50,15:34,LO,0,5,2,1,0,3,0,3,3,Wurmb,Microt,,Lepto,1,0,,1,Arthro,,,,,,1,0,1,0,1,0,0,0,0,0,1,1,0,5,,25,8,25.8,Eucalyptus macrorhyncha Tableland Grass / Shrub Forest,Native_C4,25.8,NG,Native grassland_NG,,,,,,,Themeda triandra,Austrostipa scabra,Poa sieb,0.15371634,0,Grassland,-,-,149.178861,-35.186714
72,149.179414,-35.186099,GOO,Low grazing,GO-HM-06,GO-HM-06e,2021-11-11,15:37,16:11,LO,10,15,1,2,2,3,0,4,3,Wurmb,Microt,Cras,Lepto,0,0,0,0,,,,,,,0,0,1,0,1,0,0,0,0,1,1,0,0,4,,25,1,25.1,Eucalyptus macrorhyncha Tableland Grass / Shrub Forest,Native_C4,25.1,p14,Red Stringybark – Scribbly Gum – Red-anthered Wallaby Grass tall grass-shrub dry sclerophyll open forest on loamy ridges_p14,Eucalyptus rossii,Eucalyptus macrorhyncha,Eucalyptus blakelyi,,,,Themeda triandra,Austrostipa scabra,Poa sieb,13.87588596,1.49864483,Open Forest,DRY SCLEROPHYLL FORESTS,Southern Tableland Dry Sclerophyll Forests,149.179414,-35.186099
73,149.17108,-35.164344,MULL,Low grazing,MF-HM-08,MF-HM-08e,2021-11-16,9:00,9:23,LO,0,5,0,1,0,0,0,1,1,,Microt,,,,1,,,,,,Thely,,,0,0,0,0,1,1,0,0,0,0,0,0,0,2,,16,1,16.1,Eucalyptus melliodora – E. blakelyi Tableland Grassy Woodland,Native_C3,16.1.1,u178,Yellow Box ± Apple Box tall grassy woodland_u178,Eucalyptus melliodora,Eucalyptus bridgesiana,Eucalyptus blakelyi,,,,Rytidosperma pallidum,Themeda triandra,Both macr,46.38512039,0.25740913,Woodland,GRASSY WOODLANDS,Southern Tableland Grassy Woodlands,149.17108,-35.164344
74,149.171899,-35.164749,MULL,Low grazing,MF-HM-08,MF-HM-08s,2021-11-16,9:30,9:58,LO,30,1,0,2,0,0,0,1,2,,Microt,,,,0,,,,,,,,,0,0,0,0,1,0,0,0,0,0,0,0,0,1,,16,1,16.1,Eucalyptus melliodora – E. blakelyi Tableland Grassy Woodland,Native_C4,16.1.1,EPN,Environmental planting native_EPN,Eucalyptus spp.,,,,,,Rytidosperma pallidum,Austrostipa scabra,Elym scab,25.09300232,7.1923213,Planting,-,-,149.171899,-35.164749
75,149.164887,-35.16983,MULL,Bettong fence HG,MF32,MF32-2A,2021-11-16,10:18,10:45,LO,40,15,1,2,0,2,0,3,2,Arthro,Microt,,Lepto,1,0,,0,Wurmb,,,,,,1,0,1,0,1,0,0,0,0,0,1,0,0,4,,16,1,16.1,Eucalyptus melliodora – E. blakelyi Tableland Grassy Woodland,Native_C4,16.1.1,u19,Blakely’s Red Gum – Yellow Box tall grassy woodland_u19,Eucalyptus melliodora,Eucalyptus blakelyi,Eucalyptus bridgesiana,,,,Themeda triandra,Bothriochloa macra,Poa sieb,19.56983757,0.62376034,Woodland,GRASSY WOODLANDS,Southern Tableland Grassy Woodlands,149.164887,-35.16983
76,149.164459,-35.170593,MULL,Bettong fence HG,MF32,MF32-2B,2021-11-16,10:55,11:15,LO,25,15,1,1,0,0,0,2,1,Bulb,Microt,,,0,0,,,,,,,,,0,1,0,0,1,0,0,0,0,0,0,0,0,2,,16,1,16.1,Eucalyptus melliodora – E. blakelyi Tableland Grassy Woodland,Native_C4,16.1.1,u19,Blakely’s Red Gum – Yellow Box tall grassy woodland_u19,Eucalyptus melliodora,Eucalyptus blakelyi,Eucalyptus bridgesiana,,,,Themeda triandra,Bothriochloa macra,Poa sieb,19.56983757,0.62376034,Woodland,GRASSY WOODLANDS,Southern Tableland Grassy Woodlands,149.164459,-35.170593
77,149.164483,-35.171423,MULL,High grazing,MF-HM-11,MF-HM-11s,2021-11-16,11:27,11:51,LO,0,1,0,2,2,2,0,3,2,,Microt,Cras,Lepto,,0,0,0,,,,,,,0,0,0,0,1,0,0,0,0,1,1,0,0,3,,16,1,16.1,Eucalyptus melliodora – E. blakelyi Tableland Grassy Woodland,Native_C4,16.1.1,u19,Blakely’s Red Gum – Yellow Box tall grassy woodland_u19,Eucalyptus melliodora,Eucalyptus blakelyi,Eucalyptus bridgesiana,,,,Themeda triandra,Bothriochloa macra,Poa sieb,19.56983757,0.62376034,Woodland,GRASSY WOODLANDS,Southern Tableland Grassy Woodlands,149.164483,-35.171423
78,149.165161,-35.172084,MULL,High grazing,MF-HM-11,MF-HM-11e,2021-11-16,12:22,12:48,LO,0,0,1,2,1,3,0,4,3,Wurmb,Microt,Cras,Lepto,0,0,0,1,,,,,,,0,0,1,0,1,0,0,0,0,1,1,1,0,5,,16,1,16.1,Eucalyptus melliodora – E. blakelyi Tableland Grassy Woodland,Native_C4,16.1.1,u19,Blakely’s Red Gum – Yellow Box tall grassy woodland_u19,Eucalyptus melliodora,Eucalyptus blakelyi,Eucalyptus bridgesiana,,,,Themeda triandra,Bothriochloa macra,Poa sieb,19.56983757,0.62376034,Woodland,GRASSY WOODLANDS,Southern Tableland Grassy Woodlands,149.165161,-35.172084
79,149.160774,-35.176287,MULL,Bettong fence LG,MF34,MF34-2B,2021-11-16,13:06,13:28,LO,15,1,1,1,0,1,0,3,1,Arthro,Microt,,Lepto,0,0,,0,,,,,,,1,0,0,0,1,0,0,0,0,0,1,0,0,3,Lower biomass than other BFs,16,1,16.1,Eucalyptus melliodora – E. blakelyi Tableland Grassy Woodland,Native_C4,16.1.1,u19,Blakely’s Red Gum – Yellow Box tall grassy woodland_u19,Eucalyptus melliodora,Eucalyptus blakelyi,Eucalyptus macrorhyncha,Acacia dealbata,Acacia mearnsii,,Themeda triandra,Bothriochloa macra,Poa sieb,48.36788559,2.09365869,Woodland,GRASSY WOODLANDS,Southern Tableland Grassy Woodlands,149.160774,-35.176287
80,149.159567,-35.176255,MULL,Bettong fence LG,MF34,MF34-2A,2021-11-16,13:37,13:55,LO,10,1,0,0,0,0,0,0,0,,,,,,,,,,,,,,,0,0,0,0,0,0,0,0,0,0,0,0,0,0,Family of wallabies. Very wet,16,1,16.1,Eucalyptus melliodora – E. blakelyi Tableland Grassy Woodland,Native_C4,16.1.1,u19,Blakely’s Red Gum – Yellow Box tall grassy woodland_u19,Eucalyptus melliodora,Eucalyptus blakelyi,Eucalyptus macrorhyncha,Acacia dealbata,Acacia mearnsii,,Themeda triandra,Bothriochloa macra,Poa sieb,48.36788559,2.09365869,Woodland,GRASSY WOODLANDS,Southern Tableland Grassy Woodlands,149.159567,-35.176255
81,149.155756,-35.173896,MULL,Bettong fence HG,MF37,MF37-3A,2021-11-16,14:07,14:31,LO,0,0,0,0,0,0,0,0,0,,,,,,,,,,,,,,,0,0,0,0,0,0,0,0,0,0,0,0,0,0,Lowish biomass,16,1,16.1,Eucalyptus melliodora – E. blakelyi Tableland Grassy Woodland,Native_C4,16.1.1,u19,Blakely’s Red Gum – Yellow Box tall grassy woodland_u19,Eucalyptus melliodora,Eucalyptus blakelyi,Eucalyptus macrorhyncha,,,,Themeda triandra,Bothriochloa macra,Poa sieb,19.87394714,0.28228286,Woodland,GRASSY WOODLANDS,Southern Tableland Grassy Woodlands,149.155756,-35.173896
82,149.154895,-35.17338,MULL,Bettong fence HG,MF37,MF37-3B,2021-11-16,14:39,15:05,LO,15,5,2,2,0,1,0,3,2,Arthro,Microt,,Lepto,1,0,,0,Wurmb,,,,,,1,0,1,0,1,0,0,0,0,0,1,0,0,4,Lowish biomass. Lots of bettong diggings,16,1,16.1,Eucalyptus melliodora – E. blakelyi Tableland Grassy Woodland,Native_C4,16.1.1,u19,Blakely’s Red Gum – Yellow Box tall grassy woodland_u19,Eucalyptus melliodora,Eucalyptus blakelyi,Eucalyptus macrorhyncha,,,,Themeda triandra,Bothriochloa macra,Poa sieb,19.87394714,0.28228286,Woodland,GRASSY WOODLANDS,Southern Tableland Grassy Woodlands,149.154895,-35.17338
83,149.1763667,-35.20130727,OFF,High grazing,TH-HM-11,TE_8_C,2021-10-19,9:37,,MN_EC,,,0,0,0,0,0,0,0,,,,,,,,,,,,,,,0,0,0,0,0,0,0,0,0,0,0,0,0,0,,16,9,16.9,Eucalyptus melliodora – E. blakelyi Tableland Grassy Woodland,Exotic_C3,16.3.2,u19,Blakely’s Red Gum – Yellow Box tall grassy woodland_u19,Eucalyptus melliodora,Eucalyptus blakelyi,,,,,Themeda triandra,Bothriochloa macra,Phal aqua,7.39318609,0.0745891,Woodland,GRASSY WOODLANDS,Southern Tableland Grassy Woodlands,149.1763667,-35.20130727
84,149.1770506,-35.19820662,OFF,High grazing,TH-HM-11,TE_4_C,2021-10-19,11:12,,MN_EC,,,0,0,0,0,0,0,0,,,,,,,,,,,,,,,0,0,0,0,0,0,0,0,0,0,0,0,0,0,,16,2,16.2,Eucalyptus melliodora – E. blakelyi Tableland Grassy Woodland,Native_C3,16.1.2,u19,Blakely’s Red Gum – Yellow Box tall grassy woodland_u19,Eucalyptus melliodora,Eucalyptus blakelyi,,,,,Themeda triandra,Bothriochloa macra,Phal aqua,7.39318609,0.0745891,Woodland,GRASSY WOODLANDS,Southern Tableland Grassy Woodlands,149.1770506,-35.19820662
85,149.1746302,-35.19889916,OFF,High grazing,TH-HM-10,TE_5_C,2021-10-19,13:03,,MN_EC,,,0,0,0,0,0,0,0,,,,,,,,,,,,,,,0,0,0,0,0,0,0,0,0,0,0,0,0,0,,16,8,16.8,Eucalyptus melliodora – E. blakelyi Tableland Grassy Woodland,Native_C3,16.2.4,NG,Native grassland_NG,,,,,,,Austrostipa bigeniculata,Bothriochloa macra,Phal aqua,0.45132023,0.0139031,Grassland,-,-,149.1746302,-35.19889916
86,149.174552,-35.19848886,OFF,High grazing,TH-HM-99,TE_14_C,2021-10-19,14:23,,MN_EC,,,0,0,0,0,0,0,0,,,,,,,,,,,,,,,0,0,0,0,0,0,0,0,0,0,0,0,0,0,,16,8,16.8,Eucalyptus melliodora – E. blakelyi Tableland Grassy Woodland,Native_C3,16.2.4,NG,Native grassland_NG,,,,,,,Austrostipa bigeniculata,Bothriochloa macra,Phal aqua,0.45132023,0.0139031,Grassland,-,-,149.174552,-35.19848886
87,149.1721799,-35.2006537,OFF,High grazing,TH-HM-10,TE_7_C,2021-10-19,15:32,,MN_EC,,,0,0,0,0,0,0,0,,,,,,,,,,,,,,,0,0,0,0,0,0,0,0,0,0,0,0,0,0,,16,8,16.8,Eucalyptus melliodora – E. blakelyi Tableland Grassy Woodland,Native_C3,16.2.4,NG,Native grassland_NG,,,,,,,Austrostipa bigeniculata,Bothriochloa macra,Phal aqua,0.45132023,0.0139031,Grassland,-,-,149.1721799,-35.2006537
88,149.1645865,-35.18484757,OFF,High grazing,TH-HM-07,TN_16_C,2021-10-21,9:13,,MN_EC,,,0,0,0,0,0,0,0,,,,,,,,,,,,,,,0,0,0,0,0,0,0,0,0,0,0,0,0,0,,16,8,16.8,Eucalyptus melliodora – E. blakelyi Tableland Grassy Woodland,Native_C3,16.2.4,NG,Native grassland_NG,,,,,,,Austrostipa bigeniculata,Bothriochloa macra,Phal aqua,0.45132023,0.0139031,Grassland,-,-,149.1645865,-35.18484757
89,149.1696572,-35.17067607,OFF,High grazing,TH-HM-01,TN_1_C,2021-10-21,10:49,,LP_EC,,,2,2,1,2,0,4,2,Arthro,Microt,Micros,Chryso,2,1,0,0,Wurmb,Bulb,,Thely,,,1,1,1,0,1,1,0,0,0,0,0,1,0,6,,16,1,16.1,Eucalyptus melliodora – E. blakelyi Tableland Grassy Woodland,Native_C3,16.1.1,u19,Blakely’s Red Gum – Yellow Box tall grassy woodland_u19,Eucalyptus melliodora,Eucalyptus blakelyi,Eucalyptus bridgesiana,,,,Themeda triandra,Bothriochloa macra,Poa sieb,19.56983757,0.62376034,Woodland,GRASSY WOODLANDS,Southern Tableland Grassy Woodlands,149.1696572,-35.17067607
90,149.1799003,-35.172764,OFF,High grazing,TH-HM-02,TN_15_C,2021-10-21,14:37,,MN_EC,,,1,0,0,0,0,1,1,Wurmb,,,,0,,,,,,,,,,0,0,1,0,0,0,0,0,0,0,0,0,0,1,,16,1,16.1,Eucalyptus melliodora – E. blakelyi Tableland Grassy Woodland,Native_C3,16.1.1,u19,Blakely’s Red Gum – Yellow Box tall grassy woodland_u19,Eucalyptus melliodora,Eucalyptus blakelyi,Eucalyptus rubida,,,,Themeda triandra,Bothriochloa macra,Poa sieb,9.62382317,0.94269651,Woodland,GRASSY WOODLANDS,Southern Tableland Grassy Woodlands,149.1799003,-35.172764
91,149.1778799,-35.17326884,OFF,High grazing,TH-HM-02,TN_2_C,2021-10-21,15:43,,MN_EC,,,1,2,0,0,1,3,2,Wurmb,Microt,,,0,0,,,,,,,,,0,0,1,0,1,0,0,0,0,0,0,0,0,2,,16,7,16.7,Eucalyptus melliodora – E. blakelyi Tableland Grassy Woodland,Native_C4,16.2.3,NG,Native grassland_NG,,,,,,,Themeda triandra,Austrostipa bigeniculata,Rytidosperma sp.,0.2090722,0.02401225,Grassland,-,-,149.1778799,-35.17326884
92,149.170395,-35.17120965,OFF,High grazing,TH-HM-01,TN_14_C,2021-10-21,13:15,,LP_EC,,,0,3,0,0,0,1,3,,Microt,,,,1,,,,,,Thely,,,0,0,0,0,1,1,0,0,0,0,0,0,0,2,,16,1,16.1,Eucalyptus melliodora – E. blakelyi Tableland Grassy Woodland,Native_C3,16.1.1,NG,Native grassland_NG,,,,,,,Themeda triandra,Austrostipa bigeniculata,Rytidosperma sp.,0.51281422,0.02707164,Grassland,-,-,149.170395,-35.17120965
93,149.1700063,-35.17541609,OFF,High grazing,TH-HM-03,TN_4_C,2021-10-21,14:37,,LP_EC,,,3,3,0,0,0,2,3,Arthro,Microt,,,1,0,,,Wurmb,,,,,,1,0,1,0,1,0,0,0,0,0,0,0,0,3,,16,1,16.1,Eucalyptus melliodora – E. blakelyi Tableland Grassy Woodland,Native_C3,16.1.1,NG,Native grassland_NG,,,,,,,Themeda triandra,Austrostipa bigeniculata,Rytidosperma sp.,0.20537969,0.00716127,Grassland,-,-,149.1700063,-35.17541609
94,149.1725969,-35.17830934,OFF,High grazing,TH-HM-03,TN_5_C,2021-10-21,15:40,,LP_EC,,,0,0,2,0,0,1,2,,,Cras,,,,0,,,,,,,,0,0,0,0,0,0,0,0,0,1,0,0,0,1,,16,8,16.8,Eucalyptus melliodora – E. blakelyi Tableland Grassy Woodland,Native_C3,16.2.4,NG,Native grassland_NG,,,,,,,Themeda triandra,Austrostipa bigeniculata,Rytidosperma sp.,0.20537969,0.00716127,Grassland,-,-,149.1725969,-35.17830934
95,149.1743994,-35.17523812,OFF,High grazing,TH-HM-02,TN_3_C,2021-10-21,16:24,,LP_EC,,,1,0,2,0,0,2,2,Wurmb,,Cras,,1,,0,,Arthro,,,,,,1,0,1,0,0,0,0,0,0,1,0,0,0,3,,16,2,16.2,Eucalyptus melliodora – E. blakelyi Tableland Grassy Woodland,Native_C3,16.1.2,u19,Blakely’s Red Gum – Yellow Box tall grassy woodland_u19,Eucalyptus melliodora,Eucalyptus blakelyi,Eucalyptus rubida,,,,Themeda triandra,Bothriochloa macra,Poa sieb,9.62382317,0.94269651,Woodland,GRASSY WOODLANDS,Southern Tableland Grassy Woodlands,149.1743994,-35.17523812
96,149.1641766,-35.18170672,OFF,High grazing,TH-HM-05,TN_7_C,2021-10-22,9:45,,LP_EC,,,0,0,0,0,0,0,0,,,,,,,,,,,,,,,0,0,0,0,0,0,0,0,0,0,0,0,0,0,,16,13,16.13,Eucalyptus melliodora – E. blakelyi Tableland Grassy Woodland,Exotic_C3,16.4.4,NG,Native grassland_NG,,,,,,,Austrostipa bigeniculata,Bothriochloa macra,Phal aqua,0.45132023,0.0139031,Grassland,-,-,149.1641766,-35.18170672
97,149.1649703,-35.18095836,OFF,High grazing,TH-HM-05,TN_12_C,2021-10-22,10:39,,MN_EC,,,0,0,0,0,0,0,0,,,,,,,,,,,,,,,0,0,0,0,0,0,0,0,0,0,0,0,0,0,,16,9,16.9,Eucalyptus melliodora – E. blakelyi Tableland Grassy Woodland,Exotic_C3,16.3.2,u19,Blakely’s Red Gum – Yellow Box tall grassy woodland_u19,Eucalyptus melliodora,Eucalyptus blakelyi,,,,,Themeda triandra,Bothriochloa macra,Poa sieb,22.10486031,0.47338119,Woodland,GRASSY WOODLANDS,Southern Tableland Grassy Woodlands,149.1649703,-35.18095836
98,149.1683086,-35.18043977,OFF,High grazing,TH-HM-04,TN_6_C,2021-10-22,11:33,,MN_EC,,,0,0,0,0,0,0,0,,,,,,,,,,,,,,,0,0,0,0,0,0,0,0,0,0,0,0,0,0,,16,9,16.9,Eucalyptus melliodora – E. blakelyi Tableland Grassy Woodland,Exotic_C3,16.3.2,u19,Blakely’s Red Gum – Yellow Box tall grassy woodland_u19,Eucalyptus melliodora,Eucalyptus blakelyi,,,,,Themeda triandra,Bothriochloa macra,Poa sieb,22.10486031,0.47338119,Woodland,GRASSY WOODLANDS,Southern Tableland Grassy Woodlands,149.1683086,-35.18043977
99,149.1686302,-35.18610853,OFF,High grazing,TH-HM-07,TN_10_C,2021-10-22,9:37,,LP_EC,,,0,0,0,0,0,0,0,,,,,,,,,,,,,,,0,0,0,0,0,0,0,0,0,0,0,0,0,0,,16,9,16.9,Eucalyptus melliodora – E. blakelyi Tableland Grassy Woodland,Exotic_C3,16.3.2,u19,Blakely’s Red Gum – Yellow Box tall grassy woodland_u19,Eucalyptus melliodora,Eucalyptus blakelyi,,,,,Themeda triandra,Bothriochloa macra,Poa sieb,7.5591526,0.09708577,Woodland,GRASSY WOODLANDS,Southern Tableland Grassy Woodlands,149.1686302,-35.18610853
100,149.1697518,-35.18344933,OFF,High grazing,TH-HM-06,TN_9_C,2021-10-22,10:33,,LP_EC,,,0,0,0,0,0,0,0,,,,,,,,,,,,,,,0,0,0,0,0,0,0,0,0,0,0,0,0,0,,16,2,16.2,Eucalyptus melliodora – E. blakelyi Tableland Grassy Woodland,Native_C3,16.1.2,u19,Blakely’s Red Gum – Yellow Box tall grassy woodland_u19,Eucalyptus melliodora,Eucalyptus blakelyi,,,,,Themeda triandra,Bothriochloa macra,Poa sieb,7.5591526,0.09708577,Woodland,GRASSY WOODLANDS,Southern Tableland Grassy Woodlands,149.1697518,-35.18344933
101,149.1670906,-35.18239695,OFF,High grazing,TH-HM-06,TN_8_C,2021-10-22,11:12,,LP_EC,,,0,0,0,0,0,0,0,,,,,,,,,,,,,,,0,0,0,0,0,0,0,0,0,0,0,0,0,0,,16,9,16.9,Eucalyptus melliodora – E. blakelyi Tableland Grassy Woodland,Exotic_C3,16.3.2,u19,Blakely’s Red Gum – Yellow Box tall grassy woodland_u19,Eucalyptus melliodora,Eucalyptus blakelyi,,,,,Themeda triandra,Bothriochloa macra,Poa sieb,7.5591526,0.09708577,Woodland,GRASSY WOODLANDS,Southern Tableland Grassy Woodlands,149.1670906,-35.18239695
102,149.1697058,-35.19187039,OFF,High grazing,TH-HM-08,TE_1_C,2021-10-22,13:44,,LP_EC,,,0,0,0,0,0,0,0,,,,,,,,,,,,,,,0,0,0,0,0,0,0,0,0,0,0,0,0,0,,16,2,16.2,Eucalyptus melliodora – E. blakelyi Tableland Grassy Woodland,Native_C3,16.1.2,p14,Red Stringybark – Scribbly Gum – Red-anthered Wallaby Grass tall grass-shrub dry sclerophyll open forest on loamy ridges_p14,Eucalyptus rossii,Eucalyptus macrorhyncha,Eucalyptus bridgesiana,,,,Themeda triandra,Poa sieberiana,Aust scab,10.86689949,0.39012802,Open Forest,DRY SCLEROPHYLL FORESTS,Southern Tableland Dry Sclerophyll Forests,149.1697058,-35.19187039
103,149.1684209,-35.19438208,OFF,High grazing,TH-HM-08,TE_2_C,2021-10-22,15:06,,LP_EC,,,1,0,0,0,0,1,1,Bulb,,,,0,,,,,,,,,,0,1,0,0,0,0,0,0,0,0,0,0,0,1,,16,2,16.2,Eucalyptus melliodora – E. blakelyi Tableland Grassy Woodland,Native_C3,16.1.2,u19,Blakely’s Red Gum – Yellow Box tall grassy woodland_u19,Eucalyptus melliodora,Eucalyptus blakelyi,,,,,Themeda triandra,Bothriochloa macra,Phal aqua,11.74749374,0.12781879,Woodland,GRASSY WOODLANDS,Southern Tableland Grassy Woodlands,149.1684209,-35.19438208
104,149.1696726,-35.20316191,OFF,High grazing,TH-HM-09,TE_11_C,2021-10-28,8:12,,MN_EC,,,0,0,0,0,0,0,0,,,,,,,,,,,,,,,0,0,0,0,0,0,0,0,0,0,0,0,0,0,,16,3,16.3,Eucalyptus melliodora – E. blakelyi Tableland Grassy Woodland,Native_C4,16.1.3,u19,Blakely’s Red Gum – Yellow Box tall grassy woodland_u19,Eucalyptus melliodora,Eucalyptus blakelyi,Eucalyptus mannifera,,,,Themeda triandra,Bothriochloa macra,Poa sieb,16.47509384,0.90187144,Woodland,GRASSY WOODLANDS,Southern Tableland Grassy Woodlands,149.1696726,-35.20316191
105,149.1764554,-35.19608021,OFF,High grazing,TH-HM-99,TE_13_C,2021-10-28,9:57,,MN_EC,,,0,0,0,0,0,0,0,,,,,,,,,,,,,,,0,0,0,0,0,0,0,0,0,0,0,0,0,0,,16,9,16.9,Eucalyptus melliodora – E. blakelyi Tableland Grassy Woodland,Exotic_C3,16.3.2,u19,Blakely’s Red Gum – Yellow Box tall grassy woodland_u19,Eucalyptus melliodora,Eucalyptus blakelyi,,,,,Themeda triandra,Bothriochloa macra,Phal aqua,7.39318609,0.0745891,Woodland,GRASSY WOODLANDS,Southern Tableland Grassy Woodlands,149.1764554,-35.19608021
106,149.1721366,-35.1976383,OFF,High grazing,TH-HM-09,TE_3_C,2021-10-28,11:09,,MN_EC,,,0,0,0,0,0,0,0,,,,,,,,,,,,,,,0,0,0,0,0,0,0,0,0,0,0,0,0,0,,16,13,16.13,Eucalyptus melliodora – E. blakelyi Tableland Grassy Woodland,Exotic_C3,16.4.4,NG,Native grassland_NG,,,,,,,Austrostipa bigeniculata,Bothriochloa macra,Phal aqua,0.45132023,0.0139031,Grassland,-,-,149.1721366,-35.1976383
107,149.1736065,-35.20754313,OFF,High grazing,GO-HM-18,KB_1_C,2021-10-28,8:27,,LP_EC,,,0,0,0,0,0,0,0,,,,,,,,,,,,,,,0,0,0,0,0,0,0,0,0,0,0,0,0,0,,16,8,16.8,Eucalyptus melliodora – E. blakelyi Tableland Grassy Woodland,Native_C3,16.2.4,NG,Native grassland_NG,,,,,,,Austrostipa bigeniculata,Bothriochloa macra,Hype perf,0.32983735,0.0487318,Grassland,-,-,149.1736065,-35.20754313
108,149.1734883,-35.20888963,OFF,High grazing,GO-HM-18,KB_2_NW,2021-10-28,9:15,,LP_EC,,,0,0,0,0,0,0,0,,,,,,,,,,,,,,,0,0,0,0,0,0,0,0,0,0,0,0,0,0,,16,8,16.8,Eucalyptus melliodora – E. blakelyi Tableland Grassy Woodland,Native_C3,16.2.4,NG,Native grassland_NG,,,,,,,Austrostipa bigeniculata,Bothriochloa macra,Hype perf,0.32983735,0.0487318,Grassland,-,-,149.1734883,-35.20888963
109,149.1761651,-35.21024144,OFF,High grazing,GO-HM-17,KB_3_C,2021-10-28,10:07,,LP_EC,,,0,0,0,0,0,0,0,,,,,,,,,,,,,,,0,0,0,0,0,0,0,0,0,0,0,0,0,0,,16,2,16.2,Eucalyptus melliodora – E. blakelyi Tableland Grassy Woodland,Native_C3,16.1.2,u19,Blakely’s Red Gum – Yellow Box tall grassy woodland_u19,Eucalyptus melliodora,Eucalyptus blakelyi,Eucalyptus mannifera,,,,Themeda triandra,Bothriochloa macra,Poa sieb,19.34095764,0.20214421,Woodland,GRASSY WOODLANDS,Southern Tableland Grassy Woodlands,149.1761651,-35.21024144
110,149.1773707,-35.21160763,OFF,High grazing,GO-HM-17,KB_5_C,2021-10-28,10:50,,LP_EC,,,0,0,0,0,0,0,0,,,,,,,,,,,,,,,0,0,0,0,0,0,0,0,0,0,0,0,0,0,,16,13,16.13,Eucalyptus melliodora – E. blakelyi Tableland Grassy Woodland,Exotic_C3,16.4.4,NG,Native grassland_NG,,,,,,,Austrostipa bigeniculata,Bothriochloa macra,Hype perf,0.32983735,0.0487318,Grassland,-,-,149.1773707,-35.21160763
111,149.1714776,-35.19853456,OFF,High grazing,TH-HM-09,TE_10_C,2021-10-28,11:49,,LP_EC,,,0,0,0,0,0,0,0,,,,,,,,,,,,,,,0,0,0,0,0,0,0,0,0,0,0,0,0,0,,16,13,16.13,Eucalyptus melliodora – E. blakelyi Tableland Grassy Woodland,Exotic_C3,16.4.4,NG,Native grassland_NG,,,,,,,Austrostipa bigeniculata,Bothriochloa macra,Phal aqua,0.45132023,0.0139031,Grassland,-,-,149.1714776,-35.19853456
112,149.169101,-35.179931,OFF,High grazing,TH-HM-04,TN_13_C,2021-10-22,12:00,,EC,,,0,0,1,0,0,1,1,,,Cras,,,,0,,,,,,,,0,0,0,0,0,0,0,0,0,1,0,0,0,1,,16,9,16.9,Eucalyptus melliodora – E. blakelyi Tableland Grassy Woodland,Exotic_C3,16.3.2,u19,Blakely’s Red Gum – Yellow Box tall grassy woodland_u19,Eucalyptus melliodora,Eucalyptus blakelyi,,,,,Themeda triandra,Bothriochloa macra,Poa sieb,22.10486031,0.47338119,Woodland,GRASSY WOODLANDS,Southern Tableland Grassy Woodlands,149.169101,-35.179931
