ObjectID,GlobalID,Location,Plot ID,Date,Observer,Step Counter,C4 Native,C4 Native (Themeda),C3 Native (Other),C3 Native (Rytidosperma sp.),C3 Native (Stipa grass),Native Ground (Shrubs),Native Ground (Other),Cryptogram Cover (not rock),Rock Cover,Chilean Needle Grass,St John's Wort,Love Grass,Serrated Tussock,Leaf Litter Cover,Dead Plant,Bare Ground Cover,Thatch Cover,Exotic Broadleaf (Annual),Exotic Broadleaf (Prennial),Exotic Cover (Clover),Wild Oats,Other Annual Grasses,Phalaris,Other Exotic Perennial Grass,Significant (Level X) Weeds,Log/Wood,Other,Total,Notes,CreationDate,Creator,EditDate,Editor,parent,Thatch Depth 1,Grass Height 1,Thatch Depth 2,Grass Height 2,Thatch Depth 3,Grass Height 3,Thatch Depth 4,Grass Height 4,Thatch Depth 5,Grass Height 5,Thatch Depth 6,Grass Height 6,Thatch Depth 7,Grass Height 7,Thatch Depth 8,Grass Height 8,Thatch Depth 9,Grass Height 9,Thatch Depth 10,Grass Height 10,Sp Dom 1,Sp Dom 2,Sp Dom 3,Sp Dom 4,Sp Dom 5,Sp Dom 6,Sp Dom 7,Sp Dom 8,Sp Dom 9,Sp Dom 10,Dom.Grass,Green Grass 1 (%),Green Grass 2 (%),Green Grass 3 (%),Green Grass 4 (%),Green Grass 5 (%),Green Grass 6 (%),Green Grass 7 (%),Green Grass 8 (%),Green Grass 9 (%),Green Grass 10 (%),Av.Green,No. Black Pellets 1,No. Black Pellets 2,No. Black Pellets 3,No. Black Pellets 4,No. Black Pellets 5,No. Black Pellets 6,No. Black Pellets 7,No. Black Pellets 8,No. Black Pellets 9,No. Black Pellets 10,Average Grass Height,Grass Curing (%),x,y
1375,9d59ecf8-9850-4de0-82fe-5f24fd196f97,Throsby East,TE_8_C,10/19/2021 12:00:00 PM,Emily Sutcliffe,,0,0,1,0,0,0,14,0,0,0,0,0,0,0,0,1,1,0,0,3,0,15,38,2,0,0,0,75,NA,10/18/2021 11:54:19 PM,emily.sutcliffe_ACTGOV,12/16/2021 5:42:18 AM,brett.howland_ACTGOV,Offsets Monitoring,0.5,15,0.5,19,1,30,1,32,2,40,2,35,0.5,12,1,35,1,50,2,50,Rytidosperma spp.,*Holcus lanatus,*Holcus lanatus,*Phalaris aquatica,*Holcus lanatus,*Holcus lanatus,Agrostis avenacea,*Phalaris aquatica,*Phalaris aquatica,*Phalaris aquatica,*Holcus lanatus,90,80,70,40,50,70,90,50,70,80,69,0,0,0,0,0,0,0,0,0,0,31.8,,149.1763752,-35.20127758
1376,95faa55e-edeb-46a6-8e39-4544da315169,Throsby East,TE_4_C,10/19/2021 12:00:00 PM,Emily Sutcliffe,,0,0,0,0,18,0,0,0,0,0,0,0,0,0,0,0,0,0,3,1,0,5,16,32,0,0,0,77,NA,10/19/2021 10:35:39 PM,emily.sutcliffe_ACTGOV,12/16/2021 5:42:18 AM,brett.howland_ACTGOV,Herbage Mass Monitoring,0.5,20,0,35,1,24,1,1,2,36,2,22,1,30,0.5,25,2,35,1,20,*Holcus lanatus,*Holcus lanatus,Austrostipa bigeniculata,Austrostipa bigeniculata,Austrostipa bigeniculata,*Holcus lanatus,*Phalaris aquatica,*Phalaris aquatica,*Phalaris aquatica,*Holcus lanatus,*Holcus lanatus,90,80,70,50,50,60,70,80,95,80,72.5,0,0,0,0,0,0,0,0,0,0,24.8,,149.1770277,-35.19821803
1377,ebc2657c-54e1-4826-b9d8-ba617491aeea,Throsby East,TE_5_C,10/19/2021 12:00:00 PM,Emily Sutcliffe,,0,0,0,0,45,0,0,0,0,0,0,0,0,0,0,0,1,4,0,20,0,2,4,2,0,0,0,78,NA,10/19/2021 10:35:40 PM,emily.sutcliffe_ACTGOV,12/16/2021 5:42:19 AM,brett.howland_ACTGOV,Offsets Monitoring,0.5,22,0.5,23,0.5,20,0.5,23,1,26,0.5,15,0.5,15,0.5,23,0.5,32,0.5,17,Austrostipa bigeniculata,Austrostipa bigeniculata,Austrostipa bigeniculata,Austrostipa bigeniculata,Austrostipa bigeniculata,Austrostipa bigeniculata,Austrostipa bigeniculata,Austrostipa bigeniculata,Austrostipa bigeniculata,Austrostipa bigeniculata,Austrostipa bigeniculata,60,50,75,40,40,90,30,80,60,60,58.5,0,0,0,0,0,0,0,0,0,0,21.6,,149.174618,-35.19885789
1378,ccc22c7f-7a9c-4b6b-815a-d340378bd1bf,Throsby East,TE_14_C,10/19/2021 12:00:00 PM,Emily Sutcliffe,,0,0,0,2,40,0,0,0,0,0,0,0,0,0,1,0,2,1,0,4,24,9,0,1,0,0,0,84,NA,10/19/2021 10:35:41 PM,emily.sutcliffe_ACTGOV,12/16/2021 5:42:19 AM,brett.howland_ACTGOV,Herbage Mass Monitoring,1,28,1,30,1,25,0.5,25,2,40,1,35,0.5,26,0.5,20,0.5,32,1,30,Austrostipa bigeniculata,Austrostipa bigeniculata,Austrostipa bigeniculata,*Avena fatua,*Avena fatua,*Avena fatua,Austrostipa bigeniculata,Austrostipa densiflora,Austrostipa bigeniculata,Austrostipa bigeniculata,Austrostipa bigeniculata,60,70,20,85,40,75,40,40,50,30,51,0,0,0,0,0,0,0,0,0,0,29.1,,149.1746087,-35.19850111
1379,cd2ebd19-90f0-4beb-a5ae-f7f789454e2d,Throsby East,TE_7_C,10/19/2021 12:00:00 PM,Emily Sutcliffe,,0,0,0,0,48,0,0,0,0,0,0,0,0,0,0,0,2,0,0,15,0,12,1,0,0,0,0,78,NA,10/19/2021 10:35:42 PM,emily.sutcliffe_ACTGOV,12/16/2021 5:42:19 AM,brett.howland_ACTGOV,Offsets Monitoring,0.5,28,1,20,0.5,30,1,29,0.5,27,0.5,26,0.5,35,1,30,1,30,1,30,Austrostipa densiflora,*Phalaris aquatica,Austrostipa bigeniculata,*Phalaris aquatica,Austrostipa bigeniculata,Austrostipa bigeniculata,Austrostipa bigeniculata,Austrostipa bigeniculata,Austrostipa bigeniculata,Austrostipa bigeniculata,Austrostipa bigeniculata,80,95,70,90,80,40,35,55,60,60,66.5,0,0,0,0,0,0,0,0,0,0,28.5,,149.172219,-35.20059874
1411,1c629a3d-eff6-4b14-b8ce-db9e737caaff,Throsby North,TN_16_C,10/21/2021 12:00:00 PM,Emily Sutcliffe,,0,1,0,1,27,0,0,0,0,0,0,0,0,0,0,0,17,0,18,6,0,3,1,1,0,0,0,75,40m2 had been fenced off and planted. Entire plot recently slashed.,10/21/2021 12:49:27 AM,emily.sutcliffe_ACTGOV,12/16/2021 5:42:29 AM,brett.howland_ACTGOV,Herbage Mass Monitoring,0.5,11,1,12,1,12,3,8,3,6,0.5,8,0.5,10,1,9,3,12,2,11,Austrostipa bigeniculata,Austrostipa bigeniculata,Austrostipa bigeniculata,Austrostipa bigeniculata,Rytidosperma spp.,*Vulpia spp.,*Vulpia spp.,*Bromus spp.,Austrostipa spp.,Austrostipa bigeniculata,Austrostipa bigeniculata,30,30,35,90,75,95,95,80,65,20,61.5,0,0,0,0,0,0,0,0,0,0,9.9,,149.164563,-35.1848555
1412,855ba188-f6ce-4bea-9d5d-b1684376b1cb,Throsby North,TN_1_C,10/21/2021 12:00:00 PM,Emily Sutcliffe,,0,0,0,15,0,2,11,4,0,0,0,0,0,22,0,13,0,0,3,0,0,5,0,0,0,0,0,75,NA,10/21/2021 12:49:28 AM,emily.sutcliffe_ACTGOV,12/16/2021 5:42:30 AM,brett.howland_ACTGOV,Herbage Mass Monitoring,0.5,5,0.5,7,0.5,8,0.5,6,0.5,9,0.5,5,0.5,8,0.5,8,0.5,8,0.5,9,Rytidosperma spp.,Rytidosperma spp.,Rytidosperma spp.,Rytidosperma spp.,Rytidosperma spp.,Rytidosperma spp.,Rytidosperma spp.,Rytidosperma spp.,*Briza spp.,Rytidosperma spp.,Rytidosperma spp.,60,70,70,40,50,50,40,50,95,60,58.5,0,0,0,0,0,0,0,0,0,0,7.3,,149.1696408,-35.17063744
1421,99977b81-5440-4b22-be33-059ea0d3701c,Goorooyarroo Nature Reserve,GO10,10/06/2021 1:00,Emma Cook,,35,,26,,,,34,5,0,,,,,19,0,4,2,3,1,,,5,,0,,,,134,Felicity Grant,10/21/2021 3:05:40 AM,felicity.grant_ACTGOV,12/16/2021 5:42:32 AM,brett.howland_ACTGOV,CR Veg Condition Sites,1,13,2,15,1,10,0.5,5,0,4,2.5,16,2,10,0.5,13,0.5,5,1,5,,,,,,,,,,,,,,,,,,,,,,,,,,,,,,,,,9.6,,149.1831112,-35.1806586
1422,f5024cdf-1ce9-49bb-a262-e728d4452ee4,Goorooyarroo Nature Reserve,GO04,10/06/2021 1:00,Emma Cook,,30,,13,,,,14,6,5,,,,,19,0,2,0,11,2,,,11,,12,,,,125,Felicity Grant,10/21/2021 3:05:41 AM,felicity.grant_ACTGOV,12/16/2021 5:42:33 AM,brett.howland_ACTGOV,CR Veg Condition Sites,1.5,9,0.5,11,0.5,10,1.5,9,2,10,1.5,13,4.5,15,2.5,11,1.5,13.5,0,9.5,,,,,,,,,,,,,,,,,,,,,,,,,,,,,,,,,11.1,,149.1836583,-35.20046491
1423,d99bfb77-cea2-470b-b0da-e2bdadff9b7a,Goorooyarroo Nature Reserve,GO01,10/08/2021 1:00,Felicity Grant,,2,,34,,,,17,2,3,,,,,6,0,2,6,14,2,,,6,,6,,,,100,David Johnson,10/21/2021 3:05:41 AM,felicity.grant_ACTGOV,12/16/2021 5:42:33 AM,brett.howland_ACTGOV,CR Veg Condition Sites,0,5,0.5,7,0.5,10,1,5,1.5,8,1.5,9,2,10,0.5,9,1,8,0,7,,,,,,,,,,,,,,,,,,,,,,,,,,,,,,,,,7.8,,149.183842,-35.21013133
1429,530c0c40-e1b6-4661-8103-7b8552faba3d,Throsby North,TN_15_C,10/21/2021 12:00:00 PM,Emma Carlson,,1,0,6,0,13,0,7,1,0,0,0,0,0,10,0,0,4,5,6,6,0,16,0,0,0,0,0,75,NA,10/21/2021 4:12:03 AM,emmacarlsonactgov,12/16/2021 5:42:35 AM,brett.howland_ACTGOV,Herbage Mass Monitoring,0.5,13,0.5,13,1,17,0.5,15,1,17,1,17,0.5,15,0.5,16,0.5,23,1,26,*Vulpia spp.,*Briza spp.,*Holcus lanatus,*Lolium (annual),*Lolium (annual),*Lolium (annual),Austrostipa scabra,Austrostipa scabra,Austrostipa scabra,Austrostipa densiflora,*Lolium (annual),65,90,65,95,95,95,65,70,70,45,75.5,0,0,0,0,0,0,0,0,0,0,17.2,,149.179901,-35.17277069
1431,6ee1f98d-47dc-4e4e-be3d-26f4c22ea00a,Throsby North,TN_2_C,10/21/2021 12:00:00 PM,Emma Carlson,,10,6,0,2,5,0,26,0,0,0,0,0,0,0,0,3,4,0,2,7,0,10,0,0,0,0,0,75,NA,10/21/2021 5:08:51 AM,emmacarlsonactgov,12/16/2021 5:42:36 AM,brett.howland_ACTGOV,Herbage Mass Monitoring,0.5,11,0.5,12,0.5,10,0.5,9,0.5,15,0.5,18,0.5,17,0.5,15,0.5,15,0.5,12,Annuals,Bothriochloa macra,Annuals,Bothriochloa macra,Annuals,Bothriochloa macra,*Holcus lanatus,Themeda australis,Themeda australis,Rytidosperma spp.,Annuals,95,40,90,40,95,20,75,70,65,65,65.5,0,0,0,0,0,0,0,0,0,0,13.4,,149.1778874,-35.17328474
1433,ddc94f5d-da70-4df5-a8bb-a56959f70d59,Throsby North,TN_14_C,10/21/2021 12:00:00 PM,Emily Sutcliffe,,23,0,0,0,6,0,36,0,0,0,0,0,0,0,0,0,2,1,4,2,0,1,0,0,0,0,0,75,NA,10/21/2021 6:09:40 AM,emily.sutcliffe_ACTGOV,12/16/2021 5:42:36 AM,brett.howland_ACTGOV,Herbage Mass Monitoring,0.5,4,1,6,3,3,0.5,10,1,10,0.5,6,0.5,9,0.5,6,0.5,5,0.5,6,*Aira spp.,Eragrostis brownii,Eragrostis brownii,Austrostipa scabra,Austrostipa scabra,Eragrostis brownii,Austrostipa scabra,Eragrostis brownii,Eragrostis brownii,Austrostipa scabra,Eragrostis brownii,80,80,10,50,45,75,40,70,65,30,54.5,0,0,0,0,0,0,0,0,0,0,6.5,,149.1705065,-35.17146331
1434,a2f87637-9808-447b-84a8-e0b7e0ae1c8e,Throsby North,TN_4_C,10/21/2021 12:00:00 PM,Emily Sutcliffe,,0,4,0,1,15,0,19,0,0,0,0,0,0,0,1,0,15,5,5,9,0,2,0,0,0,0,0,76,NA,10/21/2021 6:09:41 AM,emily.sutcliffe_ACTGOV,12/16/2021 5:42:36 AM,brett.howland_ACTGOV,Herbage Mass Monitoring,1,5,0.5,14,0.5,6,0.5,10,0.5,8,1,10,1,14,1,8,3,15,0.5,14,Themeda australis,Austrostipa scabra,Rytidosperma spp.,Austrostipa bigeniculata,Austrostipa bigeniculata,Themeda australis,Themeda australis,Themeda australis,*Holcus lanatus,Austrostipa bigeniculata,Themeda australis,10,40,40,40,20,55,45,30,40,35,35.5,0,0,0,0,0,0,0,0,0,0,10.4,,149.1700233,-35.17543255
1435,3e240197-bb60-41dd-a972-498cb0ed3da6,Throsby North,TN_5_C,10/21/2021 12:00:00 PM,Emily Sutcliffe,,1,0,1,0,24,0,0,0,0,0,0,0,0,0,0,0,2,0,0,19,0,9,3,16,0,0,0,75,NA,10/21/2021 6:09:42 AM,emily.sutcliffe_ACTGOV,12/16/2021 5:42:37 AM,brett.howland_ACTGOV,Offsets Monitoring,0.5,11,0.5,28,0.5,21,0.5,18,0.5,20,1,25,1,26,0.5,21,3,35,0.5,19,*Vulpia spp.,*Holcus lanatus,*Holcus lanatus,*Holcus lanatus,*Vulpia spp.,Austrostipa bigeniculata,Austrostipa bigeniculata,Austrostipa bigeniculata,*Phalaris aquatica,*Holcus lanatus,*Holcus lanatus,75,95,100,100,95,50,80,90,80,100,86.5,0,0,0,0,0,0,0,0,0,0,22.4,,149.1726156,-35.17832593
1436,97e3c15b-01ab-4e32-b2bd-728ba52d27cc,Throsby North,TN_3_C,10/21/2021 12:00:00 PM,Emily Sutcliffe,,5,0,0,4,3,0,5,0,0,0,0,0,0,3,0,0,3,1,2,6,0,24,1,18,0,0,0,75,NA,10/21/2021 6:09:43 AM,emily.sutcliffe_ACTGOV,12/16/2021 5:42:37 AM,brett.howland_ACTGOV,Offsets Monitoring,0.5,21,0.5,8,0.5,12,0.5,13,0.5,15,0.5,25,0.5,10,0.5,18,1,10,2,30,Austrostipa bigeniculata,Bothriochloa macra,*Bromus spp.,*Vulpia spp.,*Lolium (annual),*Vulpia spp.,Austrostipa scabra,*Vulpia spp.,*Vulpia spp.,*Festuca elatior,*Vulpia spp.,75,90,95,95,100,100,80,95,95,85,91,0,0,0,0,0,0,0,0,0,0,16.2,,149.1743692,-35.1752188
1437,699f8974-505a-42eb-8c77-c3535c045226,Throsby North,TN_7_C,10/22/2021 12:00:00 PM,Emma Carlson,,0,0,0,0,27,0,0,0,0,0,0,0,0,0,0,0,9,0,6,12,0,0,21,0,0,0,0,75,NA,10/21/2021 11:07:36 PM,emmacarlsonactgov,12/16/2021 5:42:37 AM,brett.howland_ACTGOV,Offsets Monitoring,1,28,1.5,36,0.5,37,1,32,1,28,1,26,1,28,1,44,1,37,1,38,Austrostipa bigeniculata,*Phalaris aquatica,Austrostipa bigeniculata,*Phalaris aquatica,Austrostipa bigeniculata,Austrostipa scabra,*Phalaris aquatica,*Phalaris aquatica,Austrostipa bigeniculata,Austrostipa bigeniculata,Austrostipa bigeniculata,40,65,65,85,45,30,80,70,70,50,60,0,0,0,0,0,0,0,0,0,0,33.4,,149.1640971,-35.18164041
1438,2777529e-fab4-49c7-84df-6edb4d73d70f,Throsby North,TN_12_C,10/22/2021 12:00:00 PM,Emma Carlson,,0,0,0,0,3,0,0,0,0,0,0,0,0,0,0,0,1,0,0,23,0,11,37,0,0,0,0,75,NA,10/22/2021 12:06:54 AM,emmacarlsonactgov,12/16/2021 5:42:38 AM,brett.howland_ACTGOV,Offsets Monitoring,1,26,1,25,1.5,45,3,63,1.5,45,3,62,1,39,0.5,25,1,38,1,41,*Phalaris aquatica,*Lolium (annual),*Phalaris aquatica,*Phalaris aquatica,*Lolium (annual),*Phalaris aquatica,*Phalaris aquatica,*Vulpia spp.,*Phalaris aquatica,*Phalaris aquatica,*Phalaris aquatica,75,95,85,85,90,80,75,95,85,85,85,0,0,0,0,0,0,0,0,0,0,40.9,,149.1649391,-35.18094046
1439,651392fc-cd2a-44ff-8b17-a5f51fea547e,Throsby North,TN_6_C,10/22/2021 12:00:00 PM,Emma Carlson,,0,0,1,0,1,0,1,0,0,0,0,0,0,0,0,0,3,0,5,6,0,24,33,1,0,0,0,75,NA,10/22/2021 1:00:19 AM,emmacarlsonactgov,12/16/2021 5:42:38 AM,brett.howland_ACTGOV,Offsets Monitoring,1,38,1,35,1.5,42,1,14,1,14,1,26,0.5,45,0.5,23,1,43,1,38,Annuals,Annuals,*Phalaris aquatica,Annuals,Annuals,Annuals,*Phalaris aquatica,Annuals,*Phalaris aquatica,*Phalaris aquatica,Annuals,95,90,65,95,90,90,85,95,75,85,86.5,0,0,0,0,0,0,0,0,0,0,31.8,,149.1682848,-35.18047625
1440,7cb9474a-a7fa-4493-9743-6e96ec85f8a4,Throsby North,TN_10_C,10/22/2021 12:00:00 PM,Emily Sutcliffe,,4,0,0,0,9,0,0,0,0,0,0,0,0,0,0,0,10,0,6,30,0,9,2,5,0,0,0,75,NA,10/22/2021 3:18:04 AM,emily.sutcliffe_ACTGOV,12/16/2021 5:42:38 AM,brett.howland_ACTGOV,Herbage Mass Monitoring,0.5,12,2,13,0.5,14,1,16,2,19,0.5,13,3,15,2,14,0.5,12,0.5,12,Austrostipa spp.,*Cynodon dactylon,*Vulpia spp.,*Vulpia spp.,*Vulpia spp.,*Cynodon dactylon,Austrostipa bigeniculata,*Vulpia spp.,*Cynodon dactylon,*Phalaris aquatica,*Vulpia spp.,60,70,85,60,80,100,50,85,100,95,78.5,0,0,0,0,0,0,0,0,0,0,14,,149.1686366,-35.18609559
1441,8f05d9cb-4159-4952-ac8e-18d312e900e4,Throsby North,TN_9_C,10/22/2021 12:00:00 PM,Emily Sutcliffe,,0,0,0,0,34,0,0,0,0,0,0,0,0,0,0,0,2,0,5,11,0,2,19,4,0,0,0,77,NA,10/22/2021 3:18:06 AM,emily.sutcliffe_ACTGOV,12/16/2021 5:42:39 AM,brett.howland_ACTGOV,Herbage Mass Monitoring,3,20,2,22,0.5,11,2,17,1,11,1,20,3,30,2,15,3,20,3,26,*Phalaris aquatica,Austrostipa bigeniculata,Austrostipa scabra,Austrostipa bigeniculata,*Vulpia spp.,*Dactylis glomerata,*Phalaris aquatica,Austrostipa bigeniculata,Austrostipa bigeniculata,*Phalaris aquatica,Austrostipa bigeniculata,60,40,40,30,90,90,85,50,65,80,63,0,0,0,0,0,0,0,0,0,0,19.2,,149.16975,-35.18346364
1442,834b16e2-3652-4924-9918-969babf666b3,Throsby North,TN_8_C,10/22/2021 12:00:00 PM,Emily Sutcliffe,,0,0,0,2,5,0,0,0,0,0,0,0,0,0,0,0,1,0,2,3,0,4,38,21,0,0,0,76,NA,10/22/2021 3:18:06 AM,emily.sutcliffe_ACTGOV,12/16/2021 5:42:39 AM,brett.howland_ACTGOV,Herbage Mass Monitoring,3,32,3,50,3,24,5,25,3,42,5,30,3,30,5,37,3,32,2,24,*Phalaris aquatica,*Phalaris aquatica,Austrostipa bigeniculata,*Phalaris aquatica,*Phalaris aquatica,*Phalaris aquatica,*Phalaris aquatica,*Phalaris aquatica,*Lolium (annual),Austrostipa bigeniculata,*Phalaris aquatica,85,90,65,90,90,90,95,85,80,50,82,0,0,0,0,0,0,0,0,0,0,32.6,,149.1670793,-35.182404
1443,7caec240-d7da-4fac-8341-c13f25a4e771,Throsby North,TN_13_C,10/22/2021 12:00:00 PM,Emily Sutcliffe,,0,0,9,5,6,0,4,0,0,0,0,0,0,0,0,0,1,4,0,17,0,10,13,6,0,0,0,75,NA,10/22/2021 3:18:07 AM,emily.sutcliffe_ACTGOV,12/16/2021 5:42:39 AM,brett.howland_ACTGOV,Herbage Mass Monitoring,2,21,1.5,28,1,26,1,38,1,21,2,25,1,24,2,26,1,29,1.5,27,*Lolium (annual),*Lolium (annual),Lachnagrostis filiformis,*Phalaris aquatica,*Lolium (annual),*Holcus lanatus,*Lolium (annual),*Holcus lanatus,*Lolium (annual),*Holcus lanatus,*Lolium (annual),85,85,70,65,80,85,70,75,70,80,76.5,0,0,0,0,0,1,0,0,0,0,26.5,,149.1691008,-35.17993137
1444,ae0a233b-d45c-412d-a6b5-c9aa69151076,Throsby East,TE_1_C,10/22/2021 12:00:00 PM,Emily Sutcliffe,,0,0,0,0,1,0,0,0,0,0,0,0,0,0,0,3,1,1,14,6,0,44,0,3,0,2,0,75,NA,10/22/2021 3:18:08 AM,emily.sutcliffe_ACTGOV,12/16/2021 5:42:40 AM,brett.howland_ACTGOV,Herbage Mass Monitoring,0.5,15,0.5,8,0.5,10,0.5,14,0.5,16,0.5,12,0.5,8,0.5,14,0.5,17,0.5,17,*Hordeum leporinum,*Vulpia spp.,*Hordeum leporinum,*Hordeum leporinum,*Lolium (annual),*Lolium (annual),*Lolium (annual),*Lolium (annual),*Lolium (annual),*Vulpia spp.,*Lolium (annual),90,95,80,95,95,95,90,95,95,95,92.5,0,0,0,0,0,0,0,0,0,0,13.1,,149.1697335,-35.1918513
1445,7256676f-4880-492b-a0d4-58da51589b60,Throsby East,TE_2_C,10/22/2021 12:00:00 PM,Emily Sutcliffe,,1,0,0,2,5,0,0,0,0,0,0,0,0,0,0,0,1,2,3,5,0,56,0,0,0,0,0,75,NA,10/22/2021 4:46:35 AM,emily.sutcliffe_ACTGOV,12/16/2021 5:42:40 AM,brett.howland_ACTGOV,Herbage Mass Monitoring,0.5,10,3,11,1,13,1,17,0.5,18,0.5,10,1,20,0.5,20,0.5,11,0.5,20,*Vulpia spp.,*Vulpia spp.,*Lolium (annual),*Lolium (annual),*Vulpia spp.,*Vulpia spp.,*Bromus spp.,*Vulpia spp.,*Vulpia spp.,*Lolium (annual),*Vulpia spp.,95,85,70,90,95,95,80,95,90,95,89,0,0,0,0,0,0,0,0,0,0,15,,149.1684228,-35.19439859
1485,cb50fa34-100a-46ab-b9b4-413f261e1a6e,Mulligans Flat,MF-HM-03s,10/26/2021 1:00:00 AM,David Johnson,,0,14,0,13,8,2,20,8,1,0,0,0,0,8,0,5,0,10,0,6,0,5,0,0,0,0,0,100,,10/25/2021 11:03:37 PM,davidjohnsonactgov,12/16/2021 5:42:53 AM,brett.howland_ACTGOV,Herbage Mass Monitoring,0.5,6,0,4,0,4,0.5,5,0,2,0.5,14,0,6,0.5,3,0.5,4,0.5,10,Themeda australis,Rytidosperma spp.,Aristida ramosa,Themeda australis,Rytidosperma spp.,Austrostipa scabra,Austrostipa scabra,Rytidosperma spp.,*Aira spp.,Rytidosperma spp.,Rytidosperma spp.,90,95,30,50,95,80,60,95,100,90,78.5,0,0,0,0,0,0,0,0,0,0,5.8,,149.1509867,-35.16579908
1487,5935bcb7-cd4d-446a-9c8d-70754f16211e,Mulligans Flat,MF-HM-01e,10/26/2021 1:00:00 AM,Jamie Barney,,0,0,0,0,1,3,12,0,2,0,0,0,1,26,1,1,2,7,0,1,0,43,0,0,0,0,0,100,,10/25/2021 11:09:33 PM,Jamie.Barney_ACTGOV,12/16/2021 5:42:54 AM,brett.howland_ACTGOV,Herbage Mass Monitoring,0,2,0,3,0,5,0,4,0,3,0,5,0.5,3,0.5,5,0,4,0,5,*Vulpia spp.,*Vulpia spp.,*Vulpia spp.,*Vulpia spp.,*Bromus spp.,*Nassella trichotoma,*Vulpia spp.,*Vulpia spp.,*Vulpia spp.,Rytidosperma spp.,*Vulpia spp.,90,95,90,90,95,70,85,85,90,90,88,0,0,0,0,0,0,0,0,0,0,3.9,,149.1487616,-35.16445001
1489,fb20c677-2c3d-47b9-809d-ed89823ad68c,Mulligans Flat,MF-HM-03e,10/26/2021 1:00:00 AM,David Johnson,,1,39,4,3,3,0,22,0,0,0,0,0,0,0,0,0,2,9,4,4,0,7,0,2,0,0,0,100,,10/25/2021 11:37:35 PM,davidjohnsonactgov,12/16/2021 5:42:55 AM,brett.howland_ACTGOV,Herbage Mass Monitoring,0.5,8,1,10,1,9,0.5,12,1,15,0.5,4,0.5,2,0.5,2,0.5,4,0.5,7,Themeda australis,Themeda australis,Themeda australis,Themeda australis,Themeda australis,Rytidosperma spp.,Bothriochloa macra,Bothriochloa macra,Themeda australis,Themeda australis,Themeda australis,80,70,40,70,60,90,80,90,85,50,71.5,0,0,0,0,0,0,0,0,2,0,7.3,,149.1520206,-35.16603433
1490,70414823-e71e-41f7-adf2-9ef93c2053aa,Mulligans Flat,MF-HM-01s,10/26/2021 1:00:00 AM,Jamie Barney,,0,12,6,2,0,2,26,2,0,0,0,0,0,2,0,10,2,10,2,6,0,18,0,0,0,0,0,100,,10/25/2021 11:46:52 PM,Jamie.Barney_ACTGOV,12/16/2021 5:42:55 AM,brett.howland_ACTGOV,Herbage Mass Monitoring,0,3,0.5,5,0.5,7,0,4,0.5,8,0.5,7,0.5,7,0,2,0,3,0,5,Themeda australis,*Briza spp.,*Vulpia spp.,Themeda australis,*Briza spp.,Themeda australis,*Briza spp.,Rytidosperma spp.,Rytidosperma spp.,Themeda australis,Themeda australis,95,100,95,95,95,95,95,95,95,95,95.5,0,0,0,0,0,0,0,0,0,0,5.1,,149.1496574,-35.16402485
1493,564e5899-2e61-4413-8f62-edd6bb9db40c,Mulligans Flat,MF-HM-05s,10/26/2021 1:00:00 AM,David Johnson,,0,45,1,6,0,0,30,0,0,0,0,0,0,0,0,0,8,4,0,0,0,1,0,5,0,0,0,100,,10/26/2021 12:39:43 AM,davidjohnsonactgov,12/16/2021 5:42:56 AM,brett.howland_ACTGOV,Herbage Mass Monitoring,0.5,14,0.5,12,0.5,12,0,18,2,16,0,9,0.5,5,1,8,0.5,6,0.5,4,Themeda australis,Themeda australis,Themeda australis,Poa sieberiana,Themeda australis,Themeda australis,Rytidosperma spp.,*Holcus lanatus,Rytidosperma spp.,Rytidosperma spp.,Themeda australis,20,20,20,80,40,60,90,90,90,80,59,0,0,0,0,0,0,0,7,0,0,10.4,,149.1613619,-35.16018719
1495,1e36f50f-d2cd-44ec-a238-2dc4198a4abc,Mulligans Flat,MF-HM-05e,10/26/2021 1:00:00 AM,Jamie Barney,,7,0,6,0,0,0,11,0,0,0,0,0,0,43,0,1,0,11,0,0,0,21,0,0,0,0,0,100,,10/26/2021 12:47:45 AM,Jamie.Barney_ACTGOV,12/16/2021 5:42:57 AM,brett.howland_ACTGOV,Herbage Mass Monitoring,0,3,0,1,0,2,0,3,0,2,0,3,0,1.5,0,5,0,3,0,3,*Vulpia spp.,Rytidosperma spp.,*Aira spp.,*Vulpia spp.,Rytidosperma spp.,*Vulpia spp.,Rytidosperma spp.,Aristida ramosa,*Vulpia spp.,*Vulpia spp.,*Vulpia spp.,95,90,90,95,95,90,95,65,90,95,90,0,0,0,0,0,0,0,0,0,0,2.65,,149.1614967,-35.15940009
1497,fa714174-3b2e-43f5-b5c9-fe0e0bcaf674,Mulligans Flat,MF-HM-04e,10/26/2021 1:00:00 AM,David Johnson,,0,6,0,24,3,0,35,0,0,0,0,0,0,14,0,4,0,8,0,1,0,5,0,0,0,0,0,100,,10/26/2021 1:25:16 AM,davidjohnsonactgov,12/16/2021 5:42:57 AM,brett.howland_ACTGOV,Herbage Mass Monitoring,0.5,4,0.5,5,0.5,3,0,6,0,4,0.5,8,0.5,5,0,3,0.5,5,0.5,18,Rytidosperma spp.,Themeda australis,Rytidosperma spp.,Rytidosperma spp.,Rytidosperma spp.,Rytidosperma spp.,Austrostipa scabra,Rytidosperma spp.,Rytidosperma spp.,Rytidosperma pallidum,Rytidosperma spp.,90,80,80,95,95,95,70,60,95,80,84,1,0,0,0,0,0,0,0,0,0,6.1,,149.1586592,-35.16054029
1499,c03f4e03-4be0-4e47-99ed-029d05ff9145,Mulligans Flat,MF-HM-04s,10/26/2021 1:00:00 AM,Jamie Barney,,0,36,8,0,0,0,22,0,0,0,0,0,0,9,0,0,9,4,0,2,0,10,0,0,0,0,0,100,,10/26/2021 1:29:06 AM,Jamie.Barney_ACTGOV,12/16/2021 5:42:58 AM,brett.howland_ACTGOV,Herbage Mass Monitoring,0.5,8,0.5,8,1,8,0.5,7,1,5,0.5,5,0.5,4.5,0.5,4,0.5,5,0.5,5.5,Themeda australis,Themeda australis,Themeda australis,Themeda australis,Themeda australis,*Briza spp.,*Vulpia spp.,Themeda australis,Themeda australis,Themeda australis,Themeda australis,75,75,80,65,55,80,90,95,65,90,77,0,0,0,0,0,0,0,0,0,0,6,,149.1595148,-35.16036962
1501,17fe90eb-35f2-4835-85d7-c9f25840925a,Mulligans Flat,MF-HM-07s,10/26/2021 1:00:00 AM,Jamie Barney,,0,60,0,0,0,0,18,0,0,0,0,0,0,0,0,0,12,2,0,0,0,8,0,0,0,0,0,100,,10/26/2021 2:36:55 AM,Jamie.Barney_ACTGOV,12/16/2021 5:42:58 AM,brett.howland_ACTGOV,Herbage Mass Monitoring,0,5,0.5,8,0,7,0.5,6,0.5,9,0.5,8,1,7,0.5,6,0.5,8,0.5,8,Themeda australis,Themeda australis,Themeda australis,Themeda australis,Themeda australis,Themeda australis,Themeda australis,Themeda australis,Themeda australis,Themeda australis,Themeda australis,90,90,95,85,75,90,65,75,65,95,82.5,0,0,0,0,0,0,0,0,0,0,7.2,,149.1573586,-35.16724295
1502,162fe468-f063-4c0b-9e1a-fc7b0c0c50c2,Mulligans Flat,MF-HM-07e,10/26/2021 1:00:00 AM,David Johnson,,0,37,4,3,0,0,28,2,0,0,0,0,0,0,0,3,3,3,0,4,0,9,0,4,0,0,0,100,,10/26/2021 2:40:31 AM,davidjohnsonactgov,12/16/2021 5:42:59 AM,brett.howland_ACTGOV,Herbage Mass Monitoring,0.5,10,0.5,8,2,7,0.5,9,1,14,1,5,0,6,0.5,7,0,4,0.5,6,Themeda australis,Themeda australis,Themeda australis,*Briza spp.,*Holcus lanatus,Themeda australis,Themeda australis,Themeda australis,Themeda australis,Themeda australis,Themeda australis,70,50,20,100,100,80,80,70,70,70,71,0,0,0,0,0,0,0,0,0,0,7.6,,149.1583573,-35.16726533
1504,89396c8f-c5f5-4569-9bac-4c7d1bdd924b,Mulligans Flat,MF-HM-06e,10/26/2021 1:00:00 AM,Jamie Barney,,29,0,6,4,14,0,14,6,0,0,0,0,0,1,0,2,8,3,0,0,0,13,0,0,0,0,0,100,,10/26/2021 3:14:48 AM,Jamie.Barney_ACTGOV,12/16/2021 5:42:59 AM,brett.howland_ACTGOV,Herbage Mass Monitoring,0.5,4,0.5,6,0.5,5,0.5,10,0.5,7,0.5,5,0.5,6,0.5,5,0.5,5,0.5,5,Rytidosperma spp.,Aristida ramosa,Aristida ramosa,Austrostipa scabra,Austrostipa scabra,Rytidosperma spp.,Bothriochloa macra,Microlaena stipoides,Aristida ramosa,Austrostipa scabra,Aristida ramosa,70,55,75,85,90,80,90,85,70,85,78.5,0,0,0,0,0,0,0,0,0,0,5.8,,149.1680924,-35.16414793
1505,adb29f90-bf02-4478-810a-ddae83db46ba,Mulligans Flat,MF-HM-06s,10/26/2021 1:00:00 AM,David Johnson,,15,1,10,10,0,5,24,1,0,0,0,0,0,0,0,2,2,7,0,2,0,21,0,0,0,0,0,100,,10/26/2021 3:26:38 AM,davidjohnsonactgov,12/16/2021 5:43:00 AM,brett.howland_ACTGOV,Herbage Mass Monitoring,0.5,10,0.5,3,0.5,5,0.5,5,0.5,12,0.5,3,0.5,6,0.5,6,0,8,0.5,2,Aristida ramosa,Panicum effusum,Microlaena stipoides,Aristida ramosa,Aristida ramosa,Rytidosperma spp.,Aristida ramosa,*Vulpia spp.,Aristida ramosa,Panicum effusum,Aristida ramosa,30,70,90,20,20,80,60,90,90,80,63,0,0,0,0,0,0,0,0,0,0,6,,149.1684727,-35.1634447
1507,fc138a72-b3c8-40c4-bb8d-b3ed3cbc2756,Mulligans Flat,MF-HM-08s,10/26/2021 1:00:00 AM,David Johnson,,19,13,1,5,0,3,38,2,0,0,0,0,0,9,0,1,0,6,0,0,0,3,0,0,0,0,0,100,,10/26/2021 4:00:35 AM,davidjohnsonactgov,12/16/2021 5:43:00 AM,brett.howland_ACTGOV,Herbage Mass Monitoring,0,2,0.5,5,0,8,0,8,0,5,0.5,10,0.5,8,0.5,5,0.5,12,0.5,5,*Aira spp.,Themeda australis,Aristida ramosa,Aristida ramosa,Themeda australis,Aristida ramosa,Aristida ramosa,Themeda australis,Aristida ramosa,Themeda australis,Aristida ramosa,100,60,30,20,40,60,50,60,60,70,55,0,0,0,0,0,0,0,0,0,0,6.8,,149.1718992,-35.16474883
1508,ac64c57c-048d-4481-9d34-d47b4c9a1db9,Mulligans Flat,MF-HM-08e,10/26/2021 1:00:00 AM,Jamie Barney,,38,0,8,8,0,0,14,9,0,0,0,0,0,15,4,2,2,0,0,0,0,0,0,0,0,0,0,100,,10/26/2021 4:00:47 AM,Jamie.Barney_ACTGOV,12/16/2021 5:43:01 AM,brett.howland_ACTGOV,Herbage Mass Monitoring,0.5,6,0.5,5,0,8,0.5,5,0,13,0,3,0,3,0,2,0.5,5,0.5,6,Aristida ramosa,Aristida ramosa,Aristida ramosa,Aristida ramosa,Rytidosperma pallidum,Rytidosperma spp.,Aristida ramosa,*Aira spp.,Aristida ramosa,Aristida ramosa,Aristida ramosa,70,70,80,85,80,100,25,80,70,65,72.5,0,0,0,0,0,0,0,0,0,0,5.6,,149.1710802,-35.16434415
1509,2a3e1161-5e9d-49ed-b8a1-f93c8896eba7,Mulligans Flat,MF-HM-09e,10/26/2021 1:00:00 AM,Jamie Barney,,16,0,10,14,0,0,28,6,0,0,0,0,0,2,0,0,8,2,0,0,0,14,0,0,0,0,0,100,,10/26/2021 4:40:23 AM,Jamie.Barney_ACTGOV,12/16/2021 5:43:01 AM,brett.howland_ACTGOV,Herbage Mass Monitoring,0.5,6,0.5,5,0.5,5,0.5,7,0.5,6,0,4,0.5,7,0,6,0.5,6,0,6,Microlaena stipoides,Aristida ramosa,Microlaena stipoides,Aristida ramosa,Rytidosperma spp.,Panicum effusum,Aristida ramosa,Aristida ramosa,Microlaena stipoides,Aristida ramosa,Aristida ramosa,95,80,70,75,80,90,70,65,90,80,79.5,0,0,0,0,0,0,0,0,0,0,5.8,,149.1745426,-35.16784179
1510,a4e067c2-3a4b-4e16-99f8-6d860a3dbb5a,Mulligans Flat,MF-HM-09s,10/26/2021 1:00:00 AM,David Johnson,,15,6,12,14,2,0,26,7,0,0,0,0,0,0,0,2,0,4,0,0,0,12,0,0,0,0,0,100,,10/26/2021 4:44:17 AM,davidjohnsonactgov,12/16/2021 5:43:01 AM,brett.howland_ACTGOV,Herbage Mass Monitoring,0.5,3,0.5,8,0.5,4,0.5,9,0.5,4,0.5,3,0.5,6,0.5,3,0.5,3,0.5,3,Themeda australis,Aristida ramosa,Rytidosperma spp.,Aristida ramosa,Microlaena stipoides,Rytidosperma spp.,Themeda australis,Microlaena stipoides,Microlaena stipoides,Rytidosperma spp.,Rytidosperma spp.,95,40,60,40,95,80,80,95,95,60,74,0,0,0,0,0,0,0,0,0,0,4.6,,149.174168,-35.16848784
1517,f575bbb4-8204-4609-8cf1-b5f78a8fb1e0,Mulligans Flat,MF-HM-10e,10/26/2021 1:00:00 AM,Jamie Barney,,8,5,16,18,12,0,12,2,0,0,0,0,0,0,0,0,8,0,0,0,0,19,0,0,0,0,0,100,,10/26/2021 5:22:02 AM,Jamie.Barney_ACTGOV,12/16/2021 5:43:04 AM,brett.howland_ACTGOV,Herbage Mass Monitoring,0.5,6,0.5,5,0.5,6,0,5,0,5,0.5,5,0.5,5,0,6,0.5,7,0,5,Rytidosperma spp.,Rytidosperma spp.,Rytidosperma spp.,Themeda australis,Austrostipa scabra,Rytidosperma spp.,Panicum effusum,Aristida ramosa,Aristida ramosa,Rytidosperma spp.,Rytidosperma spp.,75,80,75,70,85,90,85,90,75,85,81,0,0,0,0,0,0,0,0,0,0,5.5,,149.1802876,-35.16973402
1518,7e330b5a-fd49-4582-8fea-8d83d6a277e9,Mulligans Flat,MF-HM-10s,10/26/2021 1:00:00 AM,David Johnson,,5,2,0,8,0,0,44,0,0,0,0,0,0,0,0,2,0,5,1,2,0,31,0,0,0,0,0,100,,10/26/2021 5:22:27 AM,davidjohnsonactgov,12/16/2021 5:43:04 AM,brett.howland_ACTGOV,Herbage Mass Monitoring,0.5,6,0.5,4,0.5,5,0.5,5,5,3,0.5,6,0.5,6,0.5,4,0.5,4,0.5,5,*Vulpia spp.,*Vulpia spp.,Themeda australis,Themeda australis,Microlaena stipoides,*Vulpia spp.,Elymus scaber,Rytidosperma spp.,Panicum effusum,Microlaena stipoides,*Vulpia spp.,100,100,50,70,90,95,95,80,90,90,86,0,0,0,0,0,0,0,0,0,0,4.8,,149.1811329,-35.16919371
1536,f7bebc83-f447-4ed1-b3f7-3363facb4d42,Throsby East,TE_11_C,10/28/2021 12:00:00 PM,Emma Carlson,,0,0,0,3,19,0,0,0,0,0,0,0,0,0,0,0,10,0,3,17,0,8,15,0,0,0,0,75,Patches of thick thatch due to dead Stipa tussocks,10/27/2021 10:22:59 PM,emmacarlsonactgov,12/16/2021 5:43:10 AM,brett.howland_ACTGOV,Offsets Monitoring,1,28,2,35,5,23,2,32,3,17,2.5,28,1,44,2.5,54,3,29,2,27,Austrostipa scabra,*Phalaris aquatica,*Vulpia spp.,Austrostipa scabra,Rytidosperma spp.,*Phalaris aquatica,Austrostipa bigeniculata,*Phalaris aquatica,*Phalaris aquatica,*Vulpia spp.,*Phalaris aquatica,40,65,95,50,65,65,55,70,75,80,66,0,0,0,0,0,0,0,0,0,0,31.7,,149.1693228,-35.19952132
1537,4f9f71b5-bb32-44c3-832d-12a1342f103f,Mulligans Flat,MF-HM-02e,10/28/2021 1:00:00 AM,David Johnson,,0,17,0,2,0,1,30,1,0,0,0,0,0,0,0,0,2,12,16,3,0,13,0,3,0,0,0,100,,10/27/2021 10:47:13 PM,davidjohnsonactgov,12/16/2021 5:43:10 AM,brett.howland_ACTGOV,Herbage Mass Monitoring,0.5,6,1,8,0.5,5,1,5,5,5,1,7,0.5,6,0,2,0,3,0.5,6,Themeda australis,Themeda australis,Themeda australis,*Vulpia spp.,Themeda australis,Themeda australis,Themeda australis,Rytidosperma spp.,Rytidosperma spp.,Themeda australis,Themeda australis,70,80,80,100,85,70,50,60,60,70,72.5,,6,0,0,0,0,0,0,0,0,5.3,,149.1524052,-35.16880094
1538,d7401f25-f0b1-4e20-9b9f-f8548d4952fb,Mulligans Flat,MF-HM-02s,10/28/2021 1:00:00 AM,Jamie Barney,,0,40,2,0,0,1,30,0,0,0,0,0,0,0,0,1,6,0,5,0,0,15,0,0,0,0,0,100,,10/27/2021 10:47:39 PM,Jamie.Barney_ACTGOV,12/16/2021 5:43:10 AM,brett.howland_ACTGOV,Herbage Mass Monitoring,0.5,8,0.5,6,1,7,1,8,0.5,7,1,7,0.5,8,0.5,6,0.5,5,0,3,Themeda australis,Themeda australis,Themeda australis,Themeda australis,*Vulpia spp.,Themeda australis,Themeda australis,Themeda australis,Themeda australis,Themeda australis,Themeda australis,90,90,85,75,90,75,90,90,90,90,86.5,0,0,0,0,0,0,0,0,0,0,6.5,,149.1530562,-35.16827087
1539,7c712028-260c-4221-b923-ec5d2a0c7c17,Throsby East,TE_13_C,10/28/2021 12:00:00 PM,Emma Carlson,,0,0,0,1,12,0,0,0,0,0,0,0,0,1,0,0,10,0,1,0,0,27,21,0,0,2,0,75,NA,10/27/2021 11:34:11 PM,emmacarlsonactgov,12/16/2021 5:43:11 AM,brett.howland_ACTGOV,Offsets Monitoring,1,15,1,39,1.5,35,2,27,1,18,2,43,2,30,1,23,1,63,1,37,Annuals,Austrostipa bigeniculata,*Phalaris aquatica,Annuals,Annuals,*Phalaris aquatica,Annuals,Annuals,*Phalaris aquatica,Austrostipa bigeniculata,Annuals,85,65,75,90,95,75,80,95,80,65,80.5,0,0,0,0,0,0,0,0,0,0,33,,149.1764328,-35.1960826
1540,846277f5-a85d-4a65-aa50-2dac837d90e8,Mulligans Flat,MF-HM-11e,10/28/2021 1:00:00 AM,Jamie Barney,,0,44,2,16,0,0,16,2,0,0,0,0,0,0,0,0,13,3,0,0,0,4,0,0,0,0,0,100,,10/27/2021 11:47:23 PM,Jamie.Barney_ACTGOV,12/16/2021 5:43:11 AM,brett.howland_ACTGOV,Herbage Mass Monitoring,0.5,8,0.5,7,0,5,0.5,8,0.5,9,0.5,9,0.5,9,0.5,8,1,9,1,8,Themeda australis,Themeda australis,Rytidosperma spp.,Themeda australis,Themeda australis,Themeda australis,Themeda australis,Themeda australis,Themeda australis,Themeda australis,Themeda australis,80,85,80,85,,90,90,90,85,80,85,0,0,0,0,0,0,0,0,0,0,8,,149.1651612,-35.17208379
1541,e374e74d-f43a-4d2d-b146-536d142bbc0a,Mulligans Flat,MF-HM-11s,10/28/2021 1:00:00 AM,David Johnson,,0,31,0,1,1,0,43,3,0,0,0,0,0,0,0,1,8,2,0,3,0,7,0,0,0,0,0,100,,10/27/2021 11:49:12 PM,davidjohnsonactgov,12/16/2021 5:43:11 AM,brett.howland_ACTGOV,Herbage Mass Monitoring,1,10,1,12,0,4,0.5,4,0,4,0.5,5,0.5,4,0,3,0,5,0,6,Themeda australis,Themeda australis,Themeda australis,Rytidosperma spp.,Themeda australis,Themeda australis,Themeda australis,Themeda australis,Themeda australis,Themeda australis,Themeda australis,70,80,85,60,90,90,80,80,80,70,78.5,0,0,0,0,0,0,0,0,8,0,5.7,,149.1644831,-35.17142267
1542,2bd371f8-6926-48c7-a86c-7771cce72454,Mulligans Flat,MF-HM-14s,10/28/2021 1:00:00 AM,Jamie Barney,,2,20,10,24,0,0,16,4,4,0,0,0,0,2,0,0,0,0,4,0,0,14,0,0,0,0,0,100,,10/28/2021 12:32:52 AM,Jamie.Barney_ACTGOV,12/16/2021 5:43:11 AM,brett.howland_ACTGOV,Herbage Mass Monitoring,0,2,0,2,0.5,3,0,4,0.5,3,0,3,0,4,0,3,0,2,0,2,Rytidosperma spp.,Rytidosperma spp.,Rytidosperma spp.,Rytidosperma spp.,Rytidosperma spp.,Rytidosperma spp.,Themeda australis,Themeda australis,Themeda australis,Rytidosperma spp.,Rytidosperma spp.,90,90,85,90,75,90,70,95,85,85,85.5,0,0,0,0,0,0,0,0,0,0,2.8,,149.1524987,-35.17744629
1543,5888f2aa-9a1e-4baa-b4e3-a2ca064b91b5,Mulligans Flat,MF-HM-13s,10/28/2021 1:00:00 AM,David Johnson,,0,2,1,15,17,0,22,15,0,0,0,0,0,0,0,0,0,17,0,2,0,9,0,0,0,0,0,100,,10/28/2021 12:35:33 AM,davidjohnsonactgov,12/16/2021 5:43:12 AM,brett.howland_ACTGOV,Herbage Mass Monitoring,0,2,0,3,0,2,0.5,5,1,10,0.5,8,0.5,12,0.5,10,0,9,0,3,Rytidosperma spp.,Rytidosperma spp.,Rytidosperma spp.,Austrostipa scabra,Themeda australis,*Vulpia spp.,Austrostipa scabra,Rytidosperma spp.,Austrostipa scabra,Rytidosperma spp.,Rytidosperma spp.,90,60,80,70,90,90,60,70,60,90,76,0,0,0,0,0,0,0,0,0,0,6.4,,149.155558,-35.17805996
1544,36d866b7-0b8f-45ac-abf3-c70a0f1faf20,Mulligans Flat,MF-HM-13e,10/28/2021 1:00:00 AM,David Johnson,,0,49,1,2,4,0,5,0,0,0,0,0,0,0,0,0,0,9,14,5,0,6,0,5,0,0,0,100,,10/28/2021 12:58:29 AM,davidjohnsonactgov,12/16/2021 5:43:12 AM,brett.howland_ACTGOV,Herbage Mass Monitoring,0.5,4,3,13,3,15,1,15,2,18,1,18,1,32,1,10,1,8,0.5,15,Themeda australis,Themeda australis,*Holcus lanatus,Themeda australis,*Holcus lanatus,Themeda australis,Poa labillardieri,Themeda australis,Themeda australis,Austrostipa scabra,Themeda australis,85,80,95,20,90,30,90,80,90,95,75.5,0,0,0,0,0,0,0,0,0,0,14.8,,149.1545307,-35.17769979
1545,827a5865-4768-4b12-ac52-1f3412c2bb7a,Throsby East,TE_3_C,10/28/2021 12:00:00 PM,Emma Carlson,,0,0,1,12,20,0,0,0,0,0,0,0,0,0,0,0,7,1,9,13,0,3,9,0,0,0,0,75,NA,10/28/2021 1:02:53 AM,emmacarlsonactgov,12/16/2021 5:43:12 AM,brett.howland_ACTGOV,Offsets Monitoring,1,29,1,24,1,27,0.5,24,1,28,1.5,23,1,18,0.5,24,2,36,1,21,*Phalaris aquatica,Rytidosperma spp.,Austrostipa scabra,Austrostipa scabra,*Phalaris aquatica,Annuals,Rytidosperma spp.,Austrostipa scabra,*Phalaris aquatica,Austrostipa scabra,Austrostipa scabra,80,85,40,45,65,85,85,40,85,50,66,0,0,0,0,0,0,0,0,0,0,25.4,,149.172122,-35.19763747
1546,fdabbfea-0131-4cce-af47-bc35265fab83,Mulligans Flat,MF-HM-14e,10/28/2021 1:00:00 AM,Jamie Barney,,0,0,18,26,6,0,8,2,2,0,0,0,0,6,0,0,0,16,4,4,0,8,0,0,0,0,0,100,,10/28/2021 1:03:10 AM,Jamie.Barney_ACTGOV,12/16/2021 5:43:13 AM,brett.howland_ACTGOV,Herbage Mass Monitoring,0,7,0,6,0,3,0.5,3,0,3,0,4,0,4,0,6,0,2,0,5,Microlaena stipoides,Microlaena stipoides,Austrostipa scabra,*Vulpia spp.,*Vulpia spp.,Microlaena stipoides,Microlaena stipoides,Microlaena stipoides,Rytidosperma spp.,Microlaena stipoides,Microlaena stipoides,95,90,85,90,95,90,95,90,90,95,91.5,0,0,0,0,0,6,0,0,0,0,4.3,,149.1518518,-35.1779453
1547,914cd8a8-216a-4306-99a1-b8b050eb456b,Kenny Broadacre,KB_1_C,10/28/2021 12:00:00 PM,Emily Sutcliffe,,0,7,0,3,5,1,3,0,0,0,1,0,0,0,0,0,6,1,1,1,0,42,0,4,0,0,0,75,NA,10/28/2021 1:14:57 AM,emily.sutcliffe_ACTGOV,12/16/2021 5:43:13 AM,brett.howland_ACTGOV,Herbage Mass Monitoring,0.5,15,1,17,0.5,10,0.5,17,5,28,5,14,1,10,1,15,0.5,13,5,15,*Vulpia spp.,Rytidosperma spp.,*Vulpia spp.,*Vulpia spp.,*Holcus lanatus,Microlaena stipoides,*Vulpia spp.,*Vulpia spp.,*Lolium (annual),Themeda australis,*Vulpia spp.,75,65,95,90,95,85,80,60,95,65,80.5,0,0,0,0,0,0,0,0,0,0,15.4,,149.1735974,-35.20753154
1548,74b46ce6-965e-4a37-b62e-5f3bbca28714,Kenny Broadacre,KB_3_C,10/28/2021 12:00:00 PM,Emily Sutcliffe,,0,0,0,0,1,0,0,0,0,0,0,0,0,0,0,0,1,1,10,3,0,57,3,1,0,2,0,78,NA,10/28/2021 1:21:19 AM,emily.sutcliffe_ACTGOV,12/16/2021 5:43:13 AM,brett.howland_ACTGOV,Herbage Mass Monitoring,0.5,15,2,24,2,25,1,26,1,24,0.5,10,0.5,21,0.5,23,1,28,3,30,*Lolium (annual),*Lolium (annual),*Lolium (annual),*Lolium (annual),*Lolium (annual),*Lolium (annual),*Holcus lanatus,*Lolium (annual),*Lolium (annual),*Lolium (annual),*Lolium (annual),85,95,95,100,100,95,100,95,95,95,95.5,0,0,0,0,0,0,0,0,0,0,22.6,,149.1760908,-35.21022155
1549,999c321e-fc7c-4d22-8096-071e075b4990,Kenny Broadacre,KB_5_C,10/28/2021 12:00:00 PM,Emily Sutcliffe,,0,0,0,0,1,0,0,0,0,0,0,0,0,0,0,0,7,2,0,4,4,32,7,18,0,0,0,75,NA,10/28/2021 1:21:20 AM,emily.sutcliffe_ACTGOV,12/16/2021 5:43:14 AM,brett.howland_ACTGOV,Herbage Mass Monitoring,2,40,0.5,26,0.5,15,2,21,2,25,2,34,1,37,0.5,50,1,20,1,28,*Holcus lanatus,*Lolium (annual),*Lolium (annual),*Lolium (annual),*Holcus lanatus,*Lolium (annual),*Holcus lanatus,*Holcus lanatus,*Vulpia spp.,*Holcus lanatus,*Holcus lanatus,70,95,90,95,95,80,60,80,85,65,81.5,0,0,0,0,0,0,0,0,0,0,29.6,,149.177368,-35.21159844
1550,5901fe3a-73dd-4c57-952c-511469c95f03,Throsby East,TE_10_C,10/28/2021 12:00:00 PM,Emily Sutcliffe,,1,0,0,5,22,0,1,0,0,0,0,0,0,0,0,0,2,0,2,5,0,29,5,5,0,0,0,77,NA,10/28/2021 1:21:21 AM,emily.sutcliffe_ACTGOV,12/16/2021 5:43:14 AM,brett.howland_ACTGOV,Herbage Mass Monitoring,2,20,1,25,1,27,1,23,1,21,1,15,1,29,0.5,22,1,22,1,21,Austrostipa bigeniculata,Austrostipa bigeniculata,Rytidosperma spp.,Rytidosperma spp.,*Holcus lanatus,*Aira spp.,*Phalaris aquatica,*Lolium (annual),*Holcus lanatus,*Vulpia spp.,Austrostipa bigeniculata,55,75,80,80,85,60,80,50,75,70,71,0,0,0,0,0,0,0,0,0,0,22.5,,149.1714979,-35.19852331
1551,b0467c21-d438-40de-9060-6ba1b60006bd,Mulligans Flat,MF-HM-12e,10/28/2021 1:00:00 AM,Jamie Barney,,0,0,0,0,0,0,0,0,0,0,0,0,0,2,0,0,40,0,0,0,0,11,47,0,0,0,0,100,,10/28/2021 2:08:28 AM,Jamie.Barney_ACTGOV,12/16/2021 5:43:14 AM,brett.howland_ACTGOV,Herbage Mass Monitoring,2,32,2,23,1.5,29,2,25,2,25,2,32,1.5,24,2,15,2,31,2.5,34,*Phalaris aquatica,*Phalaris aquatica,*Phalaris aquatica,*Phalaris aquatica,*Phalaris aquatica,*Phalaris aquatica,*Phalaris aquatica,*Bromus spp.,*Phalaris aquatica,*Phalaris aquatica,*Phalaris aquatica,70,80,80,70,85,70,90,80,75,65,76.5,0,0,0,0,0,0,0,0,0,0,27,,149.1621873,-35.18039378
1552,131192be-fb8e-4931-8707-f153e57cdee2,Mulligans Flat,MF-HM-12s,10/28/2021 1:00:00 AM,David Johnson,,0,0,0,5,0,0,1,0,0,0,0,0,3,0,0,0,6,3,0,11,0,15,43,12,0,1,0,100,,10/28/2021 2:26:29 AM,davidjohnsonactgov,12/16/2021 5:43:15 AM,brett.howland_ACTGOV,Herbage Mass Monitoring,2,23,0,38,0.5,3,3,32,0,3,1,8,0.5,15,1,7,1,60,0.5,10,*Phalaris aquatica,*Phalaris aquatica,*Vulpia spp.,*Phalaris aquatica,*Aira spp.,*Phalaris aquatica,*Phalaris aquatica,Rytidosperma spp.,*Phalaris aquatica,Rytidosperma spp.,*Phalaris aquatica,95,90,100,95,100,80,95,90,95,90,93,0,0,0,0,0,0,0,0,0,0,19.9,,149.1612545,-35.18065983
1553,8c850330-4eb0-40da-bea9-ff96a4f11ad2,Kenny Broadacre,KB_2_NW,10/28/2021 12:00:00 PM,Emily Sutcliffe,,0,0,0,1,8,0,0,0,0,0,0,0,0,0,0,0,0,0,3,19,0,11,1,35,0,0,0,78,NA,10/28/2021 3:34:47 AM,emily.sutcliffe_ACTGOV,12/16/2021 5:43:15 AM,brett.howland_ACTGOV,Herbage Mass Monitoring,0.5,27,0.5,27,2,23,3,25,0.5,30,3,20,2,18,1,32,1,25,0.5,28,*Vulpia spp.,*Holcus lanatus,*Holcus lanatus,*Holcus lanatus,Austrostipa densiflora,*Vulpia spp.,*Vulpia spp.,*Holcus lanatus,Austrostipa densiflora,*Phalaris aquatica,*Holcus lanatus,90,95,95,90,75,80,85,95,90,95,89,0,0,0,0,0,0,0,0,0,0,25.5,,149.1734737,-35.20889083
1554,6acc5891-48d4-4a3f-828b-8b5b21e6e93b,Throsby East,TE_12_C,10/28/2021 12:00:00 PM,Emma Carlson,,0,0,2,0,0,0,14,0,0,0,0,0,0,0,0,0,4,0,6,10,0,20,4,15,0,0,0,75,NA,10/28/2021 3:49:32 AM,emmacarlsonactgov,12/16/2021 5:43:15 AM,brett.howland_ACTGOV,Herbage Mass Monitoring,0.5,17,1.5,22,1,27,1,24,1.5,18,1.5,22,0.5,21,1,21,2,33,2,24,Annuals,Annuals,*Holcus lanatus,*Holcus lanatus,*Holcus lanatus,Annuals,Annuals,Annuals,*Holcus lanatus,Annuals,Annuals,95,95,85,85,85,95,90,95,85,95,90.5,0,0,0,0,0,0,0,0,0,0,22.9,,149.1749781,-35.19780273
1603,4180bad2-03fb-4374-bfaf-e0720cfd8318,Goorooyarroo,GO-HM-25s,11/02/2021 1:00,David Johnson,,0,23,5,8,5,0,27,1,0,0,2,0,0,0,0,2,0,5,2,4,0,16,0,0,0,0,0,100,,11/01/2021 22:18,davidjohnsonactgov,12/16/2021 5:43:30 AM,brett.howland_ACTGOV,Herbage Mass Monitoring,0.5,4,0.5,4,0.5,12,0.5,7,0.5,3,0.5,9,0.5,14,0.5,8,0.5,9,0.5,9,Themeda australis,Themeda australis,Poa sieberiana,Themeda australis,Themeda australis,Austrostipa scabra,Austrostipa scabra,Austrostipa densiflora,Austrostipa scabra,Rytidosperma spp.,Themeda australis,80,85,90,40,50,60,70,70,60,70,67.5,0,0,0,0,5,0,0,0,0,0,7.9,,149.1976428,-35.20509886
1604,eb24f521-beca-427a-a465-db3c91671aea,Goorooyarroo,GO-HM-25e,11/02/2021 1:00,David Johnson,,0,3,3,6,27,0,21,8,0,0,1,0,0,4,0,7,0,9,1,2,0,8,0,0,0,0,0,100,,11/01/2021 22:47,davidjohnsonactgov,12/16/2021 5:43:31 AM,brett.howland_ACTGOV,Herbage Mass Monitoring,0,11,0.5,6,0,14,0.5,3,0.5,16,0,8,0.5,14,0.5,8,0,7,0.5,3,Austrostipa densiflora,Themeda australis,Austrostipa densiflora,Microlaena stipoides,Austrostipa densiflora,Austrostipa scabra,Austrostipa densiflora,Rytidosperma spp.,Austrostipa densiflora,Microlaena stipoides,Austrostipa densiflora,80,90,90,90,80,80,90,90,90,90,87,0,0,0,0,0,0,5,0,0,0,9,,149.1968209,-35.20459849
1606,eceb3757-d891-4ff4-8987-12e5b665a52e,Goorooyarroo,GO-HM-24s,11/02/2021 1:00,David Johnson,,0,0,2,3,19,0,12,6,2,0,0,0,0,0,0,4,2,17,1,8,0,21,0,3,0,0,0,100,,11/01/2021 23:22,davidjohnsonactgov,12/16/2021 5:43:31 AM,brett.howland_ACTGOV,Herbage Mass Monitoring,0,13,0,6,0.5,5,0,6,0.5,6,0.5,7,0.5,9,0.5,6,0.5,6,0.5,8,Austrostipa scabra,Austrostipa densiflora,*Vulpia spp.,Austrostipa densiflora,Panicum effusum,Austrostipa scabra,Austrostipa densiflora,Austrostipa densiflora,*Lolium perenne,*Lolium perenne,Austrostipa densiflora,95,90,100,90,100,95,95,90,100,100,95.5,0,0,0,0,4,0,0,0,0,0,7.2,,149.1891844,-35.21024252
1607,ccbb851c-08b8-42d3-9e50-b9d5ccf6aafe,Goorooyarroo,GO-HM-24e,11/02/2021 1:00,David Johnson,,0,0,5,6,24,0,11,0,4,0,6,0,0,2,0,1,2,5,0,14,0,19,0,0,1,0,0,100,,11/01/2021 23:55,davidjohnsonactgov,12/16/2021 5:43:31 AM,brett.howland_ACTGOV,Herbage Mass Monitoring,5,4,0.5,7,0.5,4,0.5,9,1,9,0.5,10,0,14,0.5,6,0.5,8,0.5,5,Panicum effusum,*Briza spp.,Rytidosperma spp.,Austrostipa scabra,Microlaena stipoides,Austrostipa densiflora,Austrostipa densiflora,Austrostipa densiflora,Austrostipa densiflora,*Briza spp.,Austrostipa densiflora,90,95,80,80,100,80,80,90,90,100,88.5,0,0,0,0,3,0,0,0,0,0,7.6,,149.1887873,-35.20966068
1608,f0942220-5b51-4b50-8517-2538006dce0a,Goorooyarroo,GO-HM-23s,11/02/2021 1:00,David Johnson,,6,0,2,16,22,0,12,8,3,0,1,0,0,0,0,3,0,4,0,14,0,8,0,0,1,0,0,100,,11/02/2021 0:47,davidjohnsonactgov,12/16/2021 5:43:32 AM,brett.howland_ACTGOV,Herbage Mass Monitoring,0.5,5,0.5,5,0.5,5,0.5,12,0.5,12,0.5,9,0.5,8,0.5,8,0,5,0.5,8,Austrostipa scabra,Austrostipa scabra,Austrostipa scabra,*Vulpia spp.,*Briza spp.,Austrostipa densiflora,Austrostipa scabra,Austrostipa densiflora,Austrostipa scabra,Austrostipa densiflora,Austrostipa scabra,90,80,85,100,100,95,80,80,80,80,87,0,0,5,0,0,0,0,0,8,0,7.7,,149.1847032,-35.21128612
1609,aa4bc538-4f3b-426c-9f77-783ebc789f27,Goorooyarroo,GO-HM-23e,11/02/2021 1:00,David Johnson,,0,0,0,6,23,0,16,2,0,0,2,0,0,0,0,0,1,10,1,24,0,15,0,0,0,0,0,100,,11/02/2021 1:12,davidjohnsonactgov,12/16/2021 5:43:32 AM,brett.howland_ACTGOV,Herbage Mass Monitoring,0.5,10,1,20,0.5,8,0,9,0.5,12,0.5,13,0.5,7,0,7,0.5,14,0,8,Austrostipa densiflora,Austrostipa densiflora,Austrostipa densiflora,Austrostipa scabra,Austrostipa densiflora,Austrostipa densiflora,Austrostipa densiflora,Austrostipa scabra,*Briza spp.,Austrostipa scabra,Austrostipa densiflora,95,90,80,90,85,90,80,85,100,80,87.5,0,0,0,0,0,0,4,0,0,0,10.8,,149.1853332,-35.21190274
1610,5ff9befb-5007-44e7-965e-07989f0d66d8,Goorooyarroo,GO-HM-26e,11/02/2021 1:00,David Johnson,,0,0,4,0,14,0,8,0,0,0,0,0,0,0,0,0,0,17,7,44,0,1,0,0,5,0,0,100,,11/02/2021 1:53,davidjohnsonactgov,12/16/2021 5:43:32 AM,brett.howland_ACTGOV,Herbage Mass Monitoring,0.5,4,0.5,5,0.5,3,0.5,5,0.5,5,0.5,5,0.5,5,0.5,6,0.5,4,0.5,4,Microlaena stipoides,Austrostipa scabra,Bothriochloa macra,Microlaena stipoides,Austrostipa scabra,Austrostipa scabra,Austrostipa scabra,Austrostipa scabra,Austrostipa scabra,Austrostipa scabra,Austrostipa scabra,100,90,70,100,90,95,95,30,95,80,84.5,0,0,0,0,0,0,0,0,0,0,4.6,,149.1871505,-35.20628401
1611,99a39221-1efa-4ec6-8a85-39d87134cd45,Goorooyarroo,GO-HM-26s,11/02/2021 1:00,David Johnson,,0,0,0,3,19,0,8,3,2,0,1,0,0,0,0,2,0,15,3,35,0,4,0,0,5,0,0,100,,11/02/2021 2:16,davidjohnsonactgov,12/16/2021 5:43:33 AM,brett.howland_ACTGOV,Herbage Mass Monitoring,0.5,7,0.5,3,0.5,4,0.5,2,0.5,5,0.5,5,0.5,7,5,8,0,8,0,7,Austrostipa scabra,Austrostipa scabra,Austrostipa scabra,Bothriochloa macra,*Vulpia spp.,Austrostipa scabra,Austrostipa scabra,Austrostipa scabra,Austrostipa scabra,Austrostipa scabra,Austrostipa scabra,95,90,80,60,100,90,95,90,95,95,89,4,0,0,0,0,0,0,0,0,0,5.6,,149.1863922,-35.20636561
1654,ca77e424-3fd8-4f77-87d1-af8b3488c8c9,Goorooyarroo,GO-HM-06e,11/03/2021 1:00,David Johnson,,1,32,2,3,3,2,28,3,3,0,1,0,0,0,0,2,1,4,4,5,0,6,0,0,0,0,0,100,,11/03/2021 3:18,davidjohnsonactgov,12/16/2021 5:43:46 AM,brett.howland_ACTGOV,Herbage Mass Monitoring,0.5,12,0.5,12,1,10,0.5,4,0.5,5,0.5,4,0.5,5,0.5,8,0.5,14,0.5,11,Themeda australis,Themeda australis,Themeda australis,Bothriochloa macra,*Vulpia spp.,Bothriochloa macra,Themeda australis,Themeda australis,Themeda australis,Themeda australis,Themeda australis,95,90,70,80,95,70,90,90,90,90,86,0,0,0,0,3,0,0,0,0,0,8.5,,149.1794144,-35.18609902
1655,81830612-99e0-49b8-88ac-113ce07863d2,Goorooyarroo,GO-HM-06s,11/03/2021 1:00,David Johnson,,12,11,1,8,6,0,16,8,0,0,0,0,0,0,0,4,2,11,1,8,0,12,0,0,0,0,0,100,,11/03/2021 3:40,davidjohnsonactgov,12/16/2021 5:43:47 AM,brett.howland_ACTGOV,Herbage Mass Monitoring,0.5,4,0.5,12,0.5,7,0.5,8,0.5,6,0.5,4,0.5,12,0.5,8,0,7,0,4,Bothriochloa macra,Themeda australis,Themeda australis,Themeda australis,Austrostipa scabra,Themeda australis,Bothriochloa macra,*Vulpia spp.,Rytidosperma spp.,Bothriochloa macra,Themeda australis,90,85,0,85,30,80,90,100,95,80,73.5,0,0,0,0,0,0,0,0,0,0,7.2,,149.1788614,-35.18671377
1657,267fe9f6-f3fe-4341-9067-30e0d1d3f816,Goorooyarroo,GO-HM-05e,11/03/2021 1:00,David Johnson,,12,1,0,15,10,0,20,12,0,0,0,0,0,0,0,1,1,4,7,1,0,16,0,0,0,0,0,100,,11/03/2021 4:09,davidjohnsonactgov,12/16/2021 5:43:47 AM,brett.howland_ACTGOV,Herbage Mass Monitoring,0.5,7,0.5,3,0.5,5,0.5,5,0.5,3,0.5,5,0.5,10,0.5,4,0.5,3,0,6,Austrostipa scabra,Panicum effusum,*Vulpia spp.,Rytidosperma spp.,Rytidosperma spp.,Bothriochloa macra,*Vulpia spp.,Bothriochloa macra,Bothriochloa macra,Austrostipa scabra,Bothriochloa macra,70,95,100,70,70,60,100,80,90,80,81.5,0,0,0,0,0,0,0,0,0,0,5.1,,149.1697925,-35.18831453
1658,a007efa4-4f6f-4c30-b269-4681e6d1ce90,Goorooyarroo,GO-HM-05s,11/03/2021 1:00,David Johnson,,21,3,1,4,7,1,26,4,0,0,0,0,0,6,0,1,1,6,0,2,0,17,0,0,0,0,0,100,,11/03/2021 4:30,davidjohnsonactgov,12/16/2021 5:43:48 AM,brett.howland_ACTGOV,Herbage Mass Monitoring,0,10,0,3,0.5,4,0.5,5,0.5,6,0.5,9,0.5,5,0,2,0.5,,0.5,5,Aristida ramosa,Bothriochloa macra,Bothriochloa macra,Bothriochloa macra,Bothriochloa macra,Aristida ramosa,Bothriochloa macra,Panicum effusum,Themeda australis,Bothriochloa macra,Bothriochloa macra,90,80,80,95,90,80,95,95,95,90,89,0,0,0,0,0,0,0,0,0,0,5.444444444,,149.1705194,-35.18770276
1660,ae247451-483e-447a-bf8c-fef7b5d5e322,Goorooyarroo,GO-HM-04s,11/03/2021 1:00,David Johnson,,4,28,6,3,5,0,25,2,0,0,0,0,0,2,0,1,0,9,4,6,0,3,0,2,0,0,0,100,,11/03/2021 5:02,davidjohnsonactgov,12/16/2021 5:43:48 AM,brett.howland_ACTGOV,Herbage Mass Monitoring,0.5,5,0.5,12,0.5,11,0.5,5,0.5,8,0.5,5,0.5,12,0.5,12,0,11,0,5,Themeda australis,Austrostipa densiflora,Poa sieberiana,*Lolium perenne,Rytidosperma spp.,Austrostipa scabra,Themeda australis,Themeda australis,Themeda australis,Themeda australis,Themeda australis,80,90,90,95,95,80,80,70,60,90,83,0,0,0,0,0,0,0,0,0,0,8.6,,149.1804765,-35.18043665
1662,27a81f12-0df6-44f1-ad33-a686e22588f4,Goorooyarroo,GO-HM-04e,11/03/2021 1:00,David Johnson,,4,27,1,9,2,0,17,0,0,0,0,0,0,0,0,1,0,15,3,2,0,19,0,0,0,0,0,100,,11/03/2021 5:27,davidjohnsonactgov,12/16/2021 5:43:49 AM,brett.howland_ACTGOV,Herbage Mass Monitoring,0.5,10,0.5,24,0.5,16,0.5,8,0,5,0.5,10,0.5,3,0.5,5,0.5,12,2,20,Aristida ramosa,Themeda australis,Themeda australis,Themeda australis,Bothriochloa macra,Aristida ramosa,Themeda australis,Bothriochloa macra,Austrostipa scabra,*Bromus spp.,Themeda australis,90,80,70,60,85,80,50,90,80,100,78.5,0,0,0,0,0,0,0,0,0,0,11.3,,149.180201,-35.17960835
1663,71c0a9f0-d6ec-42c9-82b7-5d7342441f32,Goorooyarroo,GO-HM-03s,11/03/2021 1:00,David Johnson,,0,11,7,5,9,1,21,1,1,0,0,0,0,0,0,0,0,8,4,3,0,29,0,0,0,0,0,100,,11/03/2021 5:56,davidjohnsonactgov,12/16/2021 5:43:49 AM,brett.howland_ACTGOV,Herbage Mass Monitoring,0.5,10,0.5,7,0,10,0.5,5,0.5,20,0.5,14,0.5,18,0.5,7,0.5,9,0.5,5,*Vulpia spp.,Austrostipa scabra,Austrostipa scabra,Themeda australis,Themeda australis,Themeda australis,Austrostipa densiflora,Elymus scaber,Austrostipa scabra,*Vulpia spp.,Austrostipa scabra,100,60,80,95,80,90,70,90,80,100,84.5,0,0,0,0,0,0,0,14,0,0,10.5,,149.1834025,-35.17643157
1664,16719286-16aa-4aec-b329-24313def527c,Goorooyarroo,GO-HM-03e,11/03/2021 1:00,David Johnson,,2,25,0,4,6,2,24,13,3,0,0,0,0,3,0,1,0,7,2,2,0,6,0,0,0,0,0,100,,11/03/2021 6:19,davidjohnsonactgov,12/16/2021 5:43:50 AM,brett.howland_ACTGOV,Herbage Mass Monitoring,0.5,5,0.5,3,0,4,0.5,5,0,8,0,4,0,4,0.5,12,0,9,0.5,11,Themeda australis,Panicum effusum,Rytidosperma spp.,Themeda australis,Themeda australis,Themeda australis,Themeda australis,Aristida ramosa,Poa sieberiana,Themeda australis,Themeda australis,40,90,70,90,95,80,90,80,95,95,82.5,0,0,0,0,0,0,0,0,0,0,6.5,,149.182759,-35.17728852
1726,982ad452-309f-4375-8a0a-446b6168b72f,Goorooyarroo,GO-HM-19s,11/09/2021 1:00,David Johnson,,0,0,9,11,13,0,4,0,0,0,0,0,0,0,0,0,7,4,5,13,0,28,0,5,1,0,0,100,,11/09/2021 1:14,davidjohnsonactgov,12/16/2021 5:44:09 AM,brett.howland_ACTGOV,Herbage Mass Monitoring,2,24,0.5,15,0.5,28,0.5,30,2,18,1,28,1,32,1,42,0.5,14,1,20,Rytidosperma spp.,Microlaena stipoides,Austrostipa densiflora,Austrostipa densiflora,Microlaena stipoides,*Vulpia spp.,*Holcus lanatus,*Lolium perenne,Austrostipa scabra,*Vulpia spp.,Microlaena stipoides,95,95,85,80,90,90,90,100,80,100,90.5,0,0,0,0,0,0,0,0,0,0,25.1,,149.1752596,-35.20619161
1727,59ca772b-9f89-413b-8068-c521e6dc2ed4,Goorooyarroo,GO-HM-19e,11/09/2021 1:00,David Johnson,,0,0,0,1,33,0,5,2,2,0,0,0,0,4,0,1,0,6,11,3,10,22,0,0,0,0,0,100,,11/09/2021 1:46,davidjohnsonactgov,12/16/2021 5:44:09 AM,brett.howland_ACTGOV,Herbage Mass Monitoring,0.5,28,0.5,18,0.5,10,0,10,0.5,22,0.5,30,0.5,30,0.5,24,0.5,24,0.5,26,Austrostipa densiflora,Austrostipa densiflora,*Vulpia spp.,Austrostipa densiflora,Austrostipa densiflora,*Avena fatua,Austrostipa densiflora,Austrostipa densiflora,Austrostipa densiflora,*Vulpia spp.,Austrostipa densiflora,90,90,80,90,80,80,90,90,80,95,86.5,0,0,0,0,0,0,0,0,0,0,22.2,,149.1760108,-35.20599438
1731,847f0c00-d4cb-4b40-b19b-b7ff9bbc68e7,Goorooyarroo,GO-HM-20e,11/09/2021 1:00,David Johnson,,0,0,9,0,15,0,0,0,0,0,0,0,0,0,0,0,5,5,10,7,0,27,2,20,0,0,0,100,,11/09/2021 2:38,davidjohnsonactgov,12/16/2021 5:44:11 AM,brett.howland_ACTGOV,Herbage Mass Monitoring,1,26,0.5,34,0.5,18,0.5,40,0.5,42,1,44,1,32,0.5,32,1,50,0.5,35,*Vulpia spp.,Elymus scaber,Austrostipa scabra,*Lolium perenne,*Lolium perenne,*Bromus spp.,*Bromus spp.,Elymus scaber,*Lolium perenne,Austrostipa scabra,*Lolium perenne,90,95,70,100,100,95,100,95,100,80,92.5,0,0,0,0,0,0,0,0,0,0,35.3,,149.175507,-35.2037609
1733,316adedf-be9e-4fb0-a38e-357f4326c842,Goorooyarroo,GO-HM-20s,11/09/2021 1:00,David Johnson,,0,0,9,9,12,0,8,0,0,0,0,0,0,0,0,0,4,2,7,7,0,36,2,4,0,0,0,100,,11/09/2021 3:03,davidjohnsonactgov,12/16/2021 5:44:11 AM,brett.howland_ACTGOV,Herbage Mass Monitoring,1,22,0.5,34,0.5,20,0.5,12,1,12,1,28,0.5,10,0.5,2,0.5,38,0.5,28,*Vulpia spp.,*Phalaris aquatica,Austrostipa scabra,Microlaena stipoides,Microlaena stipoides,Austrostipa scabra,Rytidosperma spp.,Bothriochloa macra,Austrostipa bigeniculata,Austrostipa scabra,Austrostipa scabra,100,95,90,100,90,95,80,60,85,90,88.5,0,0,0,0,0,0,0,0,0,0,20.6,,149.1746348,-35.20350172
1737,c86a745d-b197-40ba-a252-1a3ea0cac38c,Goorooyarroo,GO-HM-08s,11/09/2021 1:00,David Johnson,,3,0,6,10,8,0,1,0,0,0,0,0,0,1,0,0,0,17,0,8,0,35,2,1,8,0,0,100,,11/09/2021 3:44,davidjohnsonactgov,12/16/2021 5:44:13 AM,brett.howland_ACTGOV,Herbage Mass Monitoring,0,7,0.5,20,1,32,0.5,55,0.5,6,0.5,12,0.5,6,0,16,0.5,16,0.5,12,*Hordeum spp.,Austrostipa scabra,*Bromus spp.,*Phalaris aquatica,*Hordeum spp.,Rytidosperma spp.,*Hordeum spp.,*Bromus spp.,Austrostipa bigeniculata,Austrostipa scabra,*Hordeum spp.,10,100,95,100,10,100,10,80,100,95,70,0,0,0,0,0,3,0,0,0,0,18.2,,149.1743241,-35.19228756
1741,c8c92fe6-f1dd-4973-9ad1-9600433725e5,Goorooyarroo,GO-HM-08e,11/09/2021 1:00,David Johnson,,0,0,0,2,6,0,0,0,0,0,0,0,0,0,0,0,0,23,0,3,0,43,3,16,4,0,0,100,,11/09/2021 4:15,davidjohnsonactgov,12/16/2021 5:44:14 AM,brett.howland_ACTGOV,Herbage Mass Monitoring,1,24,0.5,8,0.5,14,0.5,32,0.5,30,0.5,30,0.5,34,0.5,42,0.5,6,0.5,18,*Phalaris aquatica,*Hordeum spp.,*Vulpia spp.,*Lolium perenne,*Bromus spp.,*Bromus spp.,*Bromus spp.,Austrostipa bigeniculata,Rytidosperma spp.,*Vulpia spp.,*Bromus spp.,100,10,100,100,90,95,95,100,100,100,89,0,0,0,0,0,0,0,0,3,0,23.8,,149.1750867,-35.19195737
1743,d65aef2c-113e-4d2b-b0bb-aabf236e8e38,Goorooyarroo,GO-HM-07e,11/09/2021 1:00,David Johnson,,0,0,0,2,24,0,2,0,3,0,0,0,0,0,0,3,0,9,2,44,0,4,0,0,7,0,0,100,,11/09/2021 4:37,davidjohnsonactgov,12/16/2021 5:44:14 AM,brett.howland_ACTGOV,Herbage Mass Monitoring,0.5,6,0.5,8,0.5,5,0.5,5,1,14,0.5,8,0.5,7,0.5,24,0.5,12,0.5,8,Austrostipa scabra,Austrostipa scabra,Austrostipa scabra,Austrostipa scabra,*Vulpia spp.,Austrostipa bigeniculata,Austrostipa scabra,*Bromus spp.,Austrostipa scabra,Austrostipa scabra,Austrostipa scabra,95,95,60,70,100,95,95,100,60,70,84,0,0,0,2,0,7,0,0,0,0,9.7,,149.1755875,-35.19046356
1745,e7128acd-e2ca-41b7-8ed3-0fdff75f04f2,Goorooyarroo,GO-HM-07s,11/09/2021 1:00,David Johnson,,0,0,8,6,16,0,0,0,0,0,0,0,0,0,0,0,0,8,2,39,0,20,0,0,1,0,0,100,,11/09/2021 4:57,davidjohnsonactgov,12/16/2021 5:44:15 AM,brett.howland_ACTGOV,Herbage Mass Monitoring,0.5,12,1,24,1,16,1,22,0.5,18,0.5,16,0.5,10,1,28,0,6,1,30,*Vulpia spp.,Elymus scaber,*Vulpia spp.,Austrostipa bigeniculata,Austrostipa scabra,Austrostipa scabra,Austrostipa scabra,Austrostipa bigeniculata,Austrostipa scabra,Austrostipa bigeniculata,Austrostipa scabra,100,100,100,100,80,95,90,100,50,100,91.5,0,0,0,0,0,0,0,0,0,0,18.2,,149.1758838,-35.1896624
1756,eacbe585-74d5-4de4-ac16-d4cc13c68bd7,Goorooyarroo,GO-HM-10e,11/09/2021 1:00,David Johnson,,7,10,4,3,3,1,37,3,0,0,0,0,0,0,0,4,0,5,1,5,0,17,0,0,0,0,0,100,,11/09/2021 5:36,davidjohnsonactgov,12/16/2021 5:44:18 AM,brett.howland_ACTGOV,Herbage Mass Monitoring,0.5,12,0.5,22,0.5,16,1,18,0,2,0,12,0,12,0.5,12,0,12,0.5,7,Austrostipa scabra,Themeda australis,*Briza spp.,*Briza spp.,Bothriochloa macra,Austrostipa densiflora,*Phalaris aquatica,*Vulpia spp.,Rytidosperma spp.,Bothriochloa macra,*Briza spp.,80,100,100,100,70,90,100,100,80,90,91,0,0,0,0,0,0,0,0,0,0,12.5,,149.1813955,-35.19184417
1757,a6d0d0b3-4217-4ad6-98e9-5f0df6ef776e,Goorooyarroo,GO-HM-10s,11/09/2021 1:00,David Johnson,,6,10,2,4,11,1,13,8,0,0,0,0,0,5,0,1,1,9,2,4,0,22,1,0,0,0,0,100,,11/09/2021 5:57,davidjohnsonactgov,12/16/2021 5:44:19 AM,brett.howland_ACTGOV,Herbage Mass Monitoring,0,22,0.5,18,0.5,13,0.5,12,0.5,18,0.5,10,0.5,8,0.5,3,0,18,0,10,Austrostipa densiflora,*Briza spp.,*Vulpia spp.,Aristida ramosa,Themeda australis,Themeda australis,Themeda australis,Bothriochloa macra,Austrostipa densiflora,Austrostipa scabra,Themeda australis,95,100,100,70,90,90,70,70,70,90,84.5,0,0,0,0,0,0,0,0,0,0,13.2,,149.1805191,-35.191911
1758,5c5d4c6a-2148-403f-abe7-c458b1a3dea5,Goorooyarroo,GO-HM-16s,11/09/2021 1:00,David Johnson,,0,0,4,6,4,0,7,0,0,0,5,0,0,0,0,0,8,0,11,5,0,13,16,21,0,0,0,100,,11/09/2021 6:30,davidjohnsonactgov,12/16/2021 5:44:19 AM,brett.howland_ACTGOV,Herbage Mass Monitoring,1,55,2,55,1,50,0.5,35,1,20,0.5,22,1,32,1,32,0,12,0,10,*Holcus lanatus,*Phalaris aquatica,*Phalaris aquatica,*Holcus lanatus,*Vulpia spp.,*Vulpia spp.,Elymus scaber,*Lolium perenne,Rytidosperma spp.,Austrostipa scabra,*Holcus lanatus,100,100,100,100,100,100,100,100,90,95,98.5,0,0,0,0,0,0,0,0,0,0,32.3,,149.1801297,-35.20968049
1759,ea6e73e7-6867-49f8-9dbd-e24119ac3b7d,Goorooyarroo,GO-HM-16e,11/09/2021 1:00,David Johnson,,0,6,14,2,4,0,8,0,0,0,2,0,0,0,0,0,2,2,0,27,0,25,0,6,2,0,0,100,,11/09/2021 6:56,davidjohnsonactgov,12/16/2021 5:44:19 AM,brett.howland_ACTGOV,Herbage Mass Monitoring,0,6,0.5,5,0.5,12,1,38,0.5,9,1,32,0.5,18,0.5,26,1,14,0.5,5,Themeda australis,Themeda australis,*Vulpia spp.,*Holcus lanatus,Microlaena stipoides,*Holcus lanatus,Rytidosperma spp.,*Bromus spp.,Microlaena stipoides,Themeda australis,Themeda australis,40,90,90,100,100,100,90,100,90,90,89,0,0,0,0,0,0,0,0,0,0,16.5,,149.1794797,-35.20916315
1783,50d4925f-bbe7-47ce-8bf1-5edeb3f4daee,Goorooyarroo,GO-HM-11e,11/11/2021 1:00,David Johnson,,0,0,0,3,17,0,0,0,0,0,0,0,0,0,0,0,2,6,4,39,0,27,1,0,1,0,0,100,,11/10/2021 23:01,davidjohnsonactgov,12/16/2021 5:44:27 AM,brett.howland_ACTGOV,Herbage Mass Monitoring,0.5,9,0.5,10,0.5,14,1,28,1,20,0.5,16,1,22,0.5,18,0.5,12,0.5,18,Austrostipa scabra,*Vulpia spp.,*Vulpia spp.,Austrostipa bigeniculata,*Bromus spp.,*Vulpia spp.,Austrostipa bigeniculata,Austrostipa scabra,*Vulpia spp.,Austrostipa scabra,*Vulpia spp.,60,100,100,95,95,100,95,95,100,95,93.5,0,0,0,0,0,0,0,0,0,0,16.7,,149.1860678,-35.18534531
1784,c7b7c0ad-299e-441f-a25e-b29803a8f37d,Goorooyarroo,GO-HM-11s,11/11/2021 1:00,David Johnson,,0,0,2,0,1,0,0,0,0,0,0,0,0,0,0,0,4,13,11,34,0,33,2,0,0,0,0,100,,11/10/2021 23:24,davidjohnsonactgov,12/16/2021 5:44:27 AM,brett.howland_ACTGOV,Herbage Mass Monitoring,0.5,12,0.5,16,0.5,10,0.5,12,0.5,14,0.5,16,1,10,0.5,18,0.5,8,0.5,16,*Vulpia spp.,Austrostipa bigeniculata,*Vulpia spp.,*Vulpia spp.,*Vulpia spp.,Elymus scaber,*Vulpia spp.,Austrostipa scabra,Austrostipa bigeniculata,*Vulpia spp.,*Vulpia spp.,100,100,100,100,100,90,100,90,100,100,98,0,0,0,0,0,0,0,0,0,0,13.2,,149.1861047,-35.18471834
1789,e324af58-1bff-4621-a42b-b6b8b64cd849,Goorooyarroo,GO-HM-01e,11/11/2021 1:00,David Johnson,,7,5,6,6,7,2,34,6,0,0,0,0,0,6,0,3,0,7,0,0,0,11,0,0,0,0,0,100,,11/11/2021 0:07,davidjohnsonactgov,12/16/2021 5:44:29 AM,brett.howland_ACTGOV,Herbage Mass Monitoring,0.5,6,0.5,8,0.5,8,0.5,32,0,6,0,10,0,12,0,4,0,12,0,9,Themeda australis,*Briza spp.,Aristida ramosa,Rytidosperma pallidum,Themeda australis,Poa sieberiana,Poa sieberiana,Aristida ramosa,Poa sieberiana,Themeda australis,Themeda australis,95,100,80,70,95,70,100,50,90,70,82,0,4,0,0,0,0,0,0,0,1,10.7,,149.18794,-35.17999418
1791,d8dd9b69-1f70-4de1-b42c-df9c2a625b5d,Goorooyarroo,GO-HM-01s,11/11/2021 1:00,David Johnson,,1,18,9,2,1,2,28,0,0,0,0,0,0,3,0,0,0,7,1,6,0,21,0,1,0,0,0,100,,11/11/2021 0:33,davidjohnsonactgov,12/16/2021 5:44:29 AM,brett.howland_ACTGOV,Herbage Mass Monitoring,0.5,10,1,12,0.5,10,0.5,12,0.5,10,0.5,10,0.5,7,0.5,20,0.5,10,0.5,10,Poa sieberiana,Microlaena stipoides,*Briza spp.,Microlaena stipoides,Themeda australis,Themeda australis,Themeda australis,Rytidosperma pallidum,*Vulpia spp.,Aristida ramosa,Themeda australis,80,100,100,100,95,95,95,40,100,60,86.5,0,0,0,0,0,0,0,0,0,0,11.1,,149.1883305,-35.17934168
1794,270f154a-dc75-47b9-8bc1-3fbc8933f2ef,Goorooyarroo,GO-HM-02s,11/11/2021 1:00,David Johnson,,3,14,12,5,10,1,27,0,0,0,0,0,0,4,0,0,0,8,1,5,0,10,0,0,0,0,0,100,,11/11/2021 0:59,davidjohnsonactgov,12/16/2021 5:44:30 AM,brett.howland_ACTGOV,Herbage Mass Monitoring,0,12,0.5,8,0,12,0.5,12,0.5,6,0,10,0,10,0,9,0,9,0.5,8,Aristida ramosa,Themeda australis,Poa sieberiana,Austrostipa densiflora,Bothriochloa macra,Poa sieberiana,Aristida ramosa,Aristida ramosa,Austrostipa scabra,Austrostipa scabra,Aristida ramosa,90,95,70,95,95,40,60,80,80,60,76.5,0,0,0,0,0,0,0,0,0,0,9.6,,149.1896929,-35.17930598
1796,2fff8521-8b6b-4e78-b75d-e856b9d0ef27,Goorooyarroo,GO-HM-02e,11/11/2021 1:00,David Johnson,,0,2,0,5,30,3,18,4,3,0,0,0,0,12,0,4,0,7,0,5,0,6,0,0,0,1,0,100,,11/11/2021 1:18,davidjohnsonactgov,12/16/2021 5:44:31 AM,brett.howland_ACTGOV,Herbage Mass Monitoring,0,5,0.5,7,0,5,0,16,0.5,5,0,8,0,7,0,9,0,8,0,8,Austrostipa scabra,Austrostipa scabra,Austrostipa scabra,Poa sieberiana,Austrostipa scabra,Austrostipa densiflora,Aristida ramosa,Austrostipa scabra,Austrostipa densiflora,Austrostipa scabra,Austrostipa scabra,80,70,90,90,90,80,90,80,90,80,84,0,0,0,0,0,0,0,0,0,0,7.8,,149.1902362,-35.1798876
1797,369b8b50-218c-4fa1-8de7-936ccc570b93,Goorooyarroo,GO-HM-27s,11/11/2021 1:00,David Johnson,,4,0,6,8,16,0,18,2,1,0,1,0,0,0,0,0,2,7,4,6,0,23,0,0,2,0,0,100,,11/11/2021 2:27,davidjohnsonactgov,12/16/2021 5:44:31 AM,brett.howland_ACTGOV,Herbage Mass Monitoring,0.5,12,0.5,14,0.5,12,1,9,0.5,15,0.5,14,0.5,20,1,8,0.5,8,0.5,10,Austrostipa densiflora,Austrostipa densiflora,*Vulpia spp.,Austrostipa scabra,Austrostipa densiflora,Austrostipa densiflora,Poa sieberiana,Bothriochloa macra,Austrostipa scabra,Austrostipa scabra,Austrostipa densiflora,90,90,100,80,80,90,90,80,90,80,87,0,0,0,0,0,0,0,0,0,0,12.2,,149.1953471,-35.18707948
1799,f0e87aec-a87c-4327-bcc0-7c631bc63654,Goorooyarroo,GO-HM-27e,11/11/2021 1:00,David Johnson,,11,0,0,3,24,3,25,9,4,0,1,0,0,0,0,4,0,7,0,7,0,2,0,0,0,0,0,100,,11/11/2021 2:53,davidjohnsonactgov,12/16/2021 5:44:32 AM,brett.howland_ACTGOV,Herbage Mass Monitoring,0,14,0,14,0,4,0,9,0,5,0,12,0,3,0,4,0,3,0,8,Austrostipa densiflora,Austrostipa densiflora,Panicum effusum,Austrostipa scabra,Austrostipa densiflora,Rytidosperma pallidum,Rytidosperma spp.,Rytidosperma spp.,Bothriochloa macra,Austrostipa scabra,Austrostipa densiflora,90,90,90,90,90,60,80,80,80,60,81,0,0,0,0,0,0,0,0,0,0,7.6,,149.1956615,-35.1877145
1801,a34a0d43-941e-44cf-b39f-41767d8bfaf7,Goorooyarroo,GO-HM-12e,11/11/2021 1:00,David Johnson,,12,0,0,3,23,1,29,4,3,0,0,0,0,0,0,1,0,10,0,2,0,12,0,0,0,0,0,100,,11/11/2021 3:29,davidjohnsonactgov,12/16/2021 5:44:32 AM,brett.howland_ACTGOV,Herbage Mass Monitoring,0.5,7,0.5,5,0,10,0.5,3,0.5,5,0,10,0,4,0.5,10,0.5,6,0.5,9,Bothriochloa macra,Panicum effusum,Austrostipa scabra,Bothriochloa macra,Panicum effusum,Austrostipa densiflora,Panicum effusum,*Vulpia spp.,Bothriochloa macra,Aristida ramosa,Bothriochloa macra,80,90,80,70,90,90,95,100,90,80,86.5,0,0,0,0,0,0,0,0,0,0,6.9,,149.1898507,-35.18872472
1802,c4f46067-d94e-48a1-8305-a4ca517b73f8,Goorooyarroo,GO-HM-12s,11/11/2021 1:00,David Johnson,,16,0,5,4,17,0,24,2,0,0,0,0,0,2,0,2,0,17,0,5,0,6,0,0,0,0,0,100,,11/11/2021 3:49,davidjohnsonactgov,12/16/2021 5:44:33 AM,brett.howland_ACTGOV,Herbage Mass Monitoring,0,6,0,18,0.5,16,0,12,0,12,0,4,0.5,4,0.5,10,0,10,0.5,3,Austrostipa scabra,Poa sieberiana,Poa sieberiana,Poa sieberiana,Austrostipa scabra,Bothriochloa macra,Bothriochloa macra,Bothriochloa macra,Austrostipa scabra,Bothriochloa macra,Bothriochloa macra,90,95,90,90,80,70,80,90,80,80,84.5,0,0,0,0,0,0,0,0,2,0,9.5,,149.1902545,-35.18821138
1805,861b83d5-9fa4-4ad5-90c3-5d5560c60ff8,Goorooyarroo,GO-HM-13s,11/11/2021 1:00,David Johnson,,8,0,2,3,24,1,18,2,2,0,1,0,1,7,0,1,0,18,2,6,0,2,0,0,2,0,0,100,,11/11/2021 4:21,davidjohnsonactgov,12/16/2021 5:44:34 AM,brett.howland_ACTGOV,Herbage Mass Monitoring,0.5,10,0,8,0.5,6,0,6,0,7,0,8,0.5,8,5,5,0,8,0,2,Austrostipa scabra,Austrostipa scabra,Austrostipa densiflora,Austrostipa scabra,Austrostipa scabra,Austrostipa densiflora,Austrostipa densiflora,Rytidosperma spp.,Austrostipa densiflora,Bothriochloa macra,Austrostipa scabra,90,80,90,80,70,90,80,95,90,90,85.5,0,0,0,0,0,0,0,0,0,0,6.8,,149.1865623,-35.19198955
1806,942189f5-ea89-4d74-acd7-20f07c7cc22f,Goorooyarroo,GO-HM-13e,11/11/2021 1:00,David Johnson,,3,0,0,3,28,0,11,3,0,0,0,0,0,8,0,2,0,29,3,6,0,3,0,0,1,0,0,100,,11/11/2021 4:41,davidjohnsonactgov,12/16/2021 5:44:34 AM,brett.howland_ACTGOV,Herbage Mass Monitoring,0,8,0,5,0,0,0,10,0,3,0,12,0,5,0,6,0,9,0,6,Austrostipa densiflora,Austrostipa densiflora,Austrostipa densiflora,Austrostipa scabra,Rytidosperma spp.,Austrostipa densiflora,Austrostipa densiflora,Austrostipa densiflora,Austrostipa densiflora,Austrostipa densiflora,Austrostipa densiflora,90,20,90,80,95,95,95,90,95,90,84,0,0,0,0,0,0,0,0,0,2,6.4,,149.1867097,-35.19259963
1823,5e4becbe-9d89-4ac7-8127-e49075d12bfd,Goorooyarroo,GO-HM-15s,11/16/2021 1:00:00 AM,David Johnson,,4,0,2,8,21,0,2,4,1,0,0,0,0,0,0,0,0,5,5,27,0,20,0,0,1,0,0,100,,11/15/2021 10:53:58 PM,davidjohnsonactgov,12/16/2021 5:44:39 AM,brett.howland_ACTGOV,Herbage Mass Monitoring,0.5,4,0.5,8,0,2,0.5,18,0.5,14,0.5,12,0.5,5,0.5,2,0.5,14,0.5,1,*Vulpia spp.,Austrostipa scabra,Bothriochloa macra,Austrostipa bigeniculata,Austrostipa densiflora,Austrostipa densiflora,Bothriochloa macra,Bothriochloa macra,Austrostipa bigeniculata,Bothriochloa macra,Bothriochloa macra,90,90,40,90,95,95,90,90,95,0,77.5,0,0,0,0,0,0,0,0,0,0,8,,149.1877421,-35.20079051
1824,f1074304-1293-4ef7-9b73-1752e22c5c18,Goorooyarroo,GO-HM-14e,11/16/2021 1:00:00 AM,Jamie Barney,,0,12,4,2,20,0,18,0,0,0,8,0,0,0,0,0,0,4,6,4,0,22,0,0,0,0,0,100,,11/15/2021 10:58:26 PM,Jamie.Barney_ACTGOV,12/16/2021 5:44:39 AM,brett.howland_ACTGOV,Herbage Mass Monitoring,1,7,1,9,1,14,0.5,11,0.5,8,0.5,10,0.5,9,0.5,9,0.5,9,1.5,3,Microlaena stipoides,Themeda australis,Austrostipa densiflora,Austrostipa densiflora,Austrostipa densiflora,Austrostipa bigeniculata,Austrostipa densiflora,Microlaena stipoides,Themeda australis,Austrostipa bigeniculata,Austrostipa densiflora,95,70,90,85,85,80,95,95,90,30,81.5,0,0,0,0,0,0,0,0,0,0,8.9,,149.1828318,-35.19641248
1825,191ba458-8911-426d-8feb-95288ca6155a,Goorooyarroo,GO-HM-15e,11/16/2021 1:00:00 AM,David Johnson,,0,0,0,6,31,1,12,7,7,0,0,0,0,1,0,14,0,17,1,0,0,3,0,0,0,0,0,100,,11/15/2021 11:19:40 PM,davidjohnsonactgov,12/16/2021 5:44:40 AM,brett.howland_ACTGOV,Herbage Mass Monitoring,0,10,0,8,0,6,0,4,0,8,0.5,12,0.5,9,0.5,9,0,5,0,7,Austrostipa densiflora,Austrostipa scabra,Austrostipa densiflora,Austrostipa scabra,Austrostipa densiflora,Austrostipa scabra,Austrostipa densiflora,Austrostipa densiflora,Austrostipa densiflora,Austrostipa densiflora,Austrostipa densiflora,80,80,95,90,90,90,95,95,90,85,89,0,0,0,0,0,0,0,0,0,0,7.8,,149.1883487,-35.20134141
1826,ebc02789-7689-4e19-a4d3-2a3f0100a03f,Goorooyarroo,GO-HM-14s,11/16/2021 1:00:00 AM,Jamie Barney,,2,16,4,20,12,0,26,2,4,0,0,0,0,2,0,0,0,0,0,0,0,12,0,0,0,0,0,100,,11/15/2021 11:21:23 PM,Jamie.Barney_ACTGOV,12/16/2021 5:44:40 AM,brett.howland_ACTGOV,Herbage Mass Monitoring,0.5,6,0.5,9,0,8,0,9,0,6,0.5,7,0,5,0.5,8,0,5,0.5,8,Panicum effusum,Austrostipa densiflora,Rytidosperma spp.,Austrostipa densiflora,Rytidosperma spp.,Themeda australis,Microlaena stipoides,Rytidosperma spp.,Themeda australis,Themeda australis,Rytidosperma spp.,90,75,85,85,75,80,90,85,85,95,84.5,,0,0,0,0,0,0,0,0,0,7.1,,149.1835737,-35.19683694
